Country or Area,Year,GDP
Afghanistan,2020,2078.479082
Afghanistan,2019,2152.190243
Afghanistan,2018,2082.392197
Afghanistan,2017,2058.400221
Afghanistan,2016,1981.118069
Afghanistan,2015,2087.305323
Afghanistan,2014,2069.424022
Afghanistan,2013,2015.514775
Afghanistan,2012,1914.774228
Afghanistan,2011,1699.48811
Africa Eastern and Southern,2020,3659.272868
Africa Eastern and Southern,2019,3814.846625
Africa Eastern and Southern,2018,3761.03516
Africa Eastern and Southern,2017,3670.891196
Africa Eastern and Southern,2016,3627.474284
Africa Eastern and Southern,2015,3533.336591
Africa Eastern and Southern,2014,3503.826534
Africa Eastern and Southern,2013,3365.684322
Africa Eastern and Southern,2012,3237.872226
Africa Eastern and Southern,2011,3323.273413
Africa Western and Central,2020,4241.522499
Africa Western and Central,2019,4335.409188
Africa Western and Central,2018,4231.321093
Africa Western and Central,2017,4115.64548
Africa Western and Central,2016,4069.005667
Africa Western and Central,2015,4139.323364
Africa Western and Central,2014,4208.73178
Africa Western and Central,2013,4013.196523
Africa Western and Central,2012,3772.323802
Africa Western and Central,2011,3675.392441
Albania,2020,13632.18654
Albania,2019,13999.42397
Albania,2018,13498.13817
Albania,2017,12770.96429
Albania,2016,12078.84314
Albania,2015,11658.90552
Albania,2014,11259.26751
Albania,2013,10570.96373
Albania,2012,10526.25918
Albania,2011,10207.76757
Algeria,2020,11323.31222
Algeria,2019,12008.26483
Algeria,2018,11908.53761
Algeria,2017,11737.40124
Algeria,2016,11624.34078
Algeria,2015,12015.64053
Algeria,2014,13003.26686
Algeria,2013,13056.80259
Algeria,2012,13303.32752
Algeria,2011,13500.04479
Angola,2020,6478.332182
Angola,2019,6995.299736
Angola,2018,7148.933253
Angola,2017,7310.896551
Angola,2016,7103.226249
Angola,2015,7337.569901
Angola,2014,8179.297828
Angola,2013,7682.475646
Angola,2012,7412.967137
Angola,2011,6710.750725
Antigua and Barbuda,2020,18240.38041
Antigua and Barbuda,2019,22772.30934
Antigua and Barbuda,2018,21519.36924
Antigua and Barbuda,2017,19840.28404
Antigua and Barbuda,2016,19920.26578
Antigua and Barbuda,2015,18911.30689
Antigua and Barbuda,2014,19039.0045
Antigua and Barbuda,2013,18797.62637
Antigua and Barbuda,2012,19598.02386
Antigua and Barbuda,2011,20347.86848
Arab World,2020,14269.22342
Arab World,2019,15054.80357
Arab World,2018,14821.63044
Arab World,2017,14378.78846
Arab World,2016,13863.68674
Arab World,2015,14317.76995
Arab World,2014,15870.68938
Arab World,2013,16134.05925
Arab World,2012,16184.70743
Arab World,2011,15288.34187
Argentina,2020,20769.03238
Argentina,2019,22997.39176
Argentina,2018,23290.67574
Argentina,2017,23597.11775
Argentina,2016,20307.87005
Argentina,2015,20105.19899
Argentina,2014,19683.77151
Argentina,2013,20131.68042
Argentina,2012,19641.35286
Argentina,2011,19322.22712
Armenia,2020,13311.02814
Armenia,2019,14230.01487
Armenia,2018,13018.87429
Armenia,2017,12115.13929
Armenia,2016,10704.22976
Armenia,2015,9969.664854
Armenia,2014,10036.88984
Armenia,2013,9835.802461
Armenia,2012,9364.375299
Armenia,2011,8025.458485
Aruba,2020,31182.83388
Aruba,2019,39834.2239
Aruba,2018,40143.00027
Aruba,2017,38893.96056
Aruba,2016,37587.06594
Aruba,2015,37314.56439
Aruba,2014,36782.22712
Aruba,2013,36830.15661
Aruba,2012,34632.95165
Aruba,2011,35513.08119
Australia,2020,53316.88543
Australia,2019,51748.39772
Australia,2018,50169.18729
Australia,2017,48398.5497
Australia,2016,47255.30701
Australia,2015,46248.61646
Australia,2014,46880.89518
Australia,2013,45906.44004
Australia,2012,42836.67186
Australia,2011,42003.15806
Austria,2020,55685.97029
Austria,2019,58076.3488
Austria,2018,56960.09143
Austria,2017,54172.98679
Austria,2016,52684.01711
Austria,2015,49865.90394
Austria,2014,48799.71547
Austria,2013,47922.04912
Austria,2012,46457.34578
Austria,2011,44452.73275
Azerbaijan,2020,14478.52445
Azerbaijan,2019,15051.56128
Azerbaijan,2018,14549.0619
Azerbaijan,2017,14121.40694
Azerbaijan,2016,14371.02274
Azerbaijan,2015,14938.40113
Azerbaijan,2014,17443.87826
Azerbaijan,2013,17188.94551
Azerbaijan,2012,15957.71885
Azerbaijan,2011,14804.57445
Bahrain,2020,43821.12449
Bahrain,2019,47224.23713
Bahrain,2018,47485.6176
Bahrain,2017,47709.77802
Bahrain,2016,44768.97091
Bahrain,2015,45575.78357
Bahrain,2014,51101.97702
Bahrain,2013,51494.41172
Bahrain,2012,50675.62102
Bahrain,2011,47377.49831
Bangladesh,2020,5995.407429
Bangladesh,2019,5784.269636
Bangladesh,2018,5321.940225
Bangladesh,2017,4894.563365
Bangladesh,2016,4610.718436
Bangladesh,2015,3555.50526
Bangladesh,2014,3368.056164
Bangladesh,2013,3143.585503
Bangladesh,2012,2937.628798
Bangladesh,2011,2620.83379
Barbados,2020,14045.77283
Barbados,2019,16153.97126
Barbados,2018,15988.77016
Barbados,2017,15800.42431
Barbados,2016,15961.24501
Barbados,2015,15542.54182
Barbados,2014,15174.99267
Barbados,2013,15335.64237
Barbados,2012,15310.43274
Barbados,2011,16305.08067
Belarus,2020,20237.55113
Belarus,2019,20092.88037
Belarus,2018,19428.00746
Belarus,2017,18356.10077
Belarus,2016,17785.9432
Belarus,2015,18095.66518
Belarus,2014,19008.06102
Belarus,2013,18994.19019
Belarus,2012,18105.28672
Belarus,2011,16563.20141
Belgium,2020,53070.21482
Belgium,2019,54278.38945
Belgium,2018,52535.23222
Belgium,2017,50442.27054
Belgium,2016,48597.39998
Belgium,2015,46200.90445
Belgium,2014,44929.68559
Belgium,2013,43671.11959
Belgium,2012,42290.76205
Belgium,2011,40942.37271
Belize,2020,6165.849669
Belize,2019,7454.532388
Belize,2018,7318.897839
Belize,2017,7140.905119
Belize,2016,7267.770047
Belize,2015,7288.745493
Belize,2014,7229.206377
Belize,2013,7238.349833
Belize,2012,7313.197802
Belize,2011,7716.521078
Benin,2020,3505.138455
Benin,2019,3426.049089
Benin,2018,3236.292065
Benin,2017,3044.517156
Benin,2016,3004.807805
Benin,2015,2886.829137
Benin,2014,2833.412753
Benin,2013,2669.68822
Benin,2012,2498.495773
Benin,2011,2416.327362
Bermuda,2020,80273.08171
Bermuda,2019,85129.07046
Bermuda,2018,83368.62255
Bermuda,2017,81834.95587
Bermuda,2016,76362.05141
Bermuda,2015,71873.22806
Bermuda,2014,68775.44674
Bermuda,2013,68993.22749
Bermuda,2012,67453.82052
Bermuda,2011,69998.84342
Bhutan,2020,11129.30845
Bhutan,2019,12365.51384
Bhutan,2018,11619.55747
Bhutan,2017,11142.47467
Bhutan,2016,10457.24438
Bhutan,2015,9500.650716
Bhutan,2014,8666.455725
Bhutan,2013,7989.689179
Bhutan,2012,7912.144645
Bhutan,2011,7295.853328
Bolivia,2020,8283.131195
Bolivia,2019,9092.687044
Bolivia,2018,8862.313088
Bolivia,2017,8423.69756
Bolivia,2016,7499.77274
Bolivia,2015,7133.873145
Bolivia,2014,7056.828365
Bolivia,2013,6624.805923
Bolivia,2012,5921.648907
Bolivia,2011,5460.257058
Bosnia and Herzegovina,2020,15598.43034
Bosnia and Herzegovina,2019,15711.2377
Bosnia and Herzegovina,2018,14918.48516
Bosnia and Herzegovina,2017,13753.83794
Bosnia and Herzegovina,2016,13072.16976
Bosnia and Herzegovina,2015,12010.75974
Bosnia and Herzegovina,2014,11433.19043
Bosnia and Herzegovina,2013,11016.55045
Bosnia and Herzegovina,2012,10304.02449
Bosnia and Herzegovina,2011,9976.490778
Botswana,2020,15471.09481
Botswana,2019,17096.78778
Botswana,2018,16609.96253
Botswana,2017,15948.03202
Botswana,2016,16638.5205
Botswana,2015,14639.55843
Botswana,2014,15702.87275
Botswana,2013,14168.08218
Botswana,2012,13091.98012
Botswana,2011,13729.85927
Brazil,2020,14834.1937
Brazil,2019,15358.08949
Brazil,2018,15018.6824
Brazil,2017,14524.61354
Brazil,2016,14256.16339
Brazil,2015,14744.11363
Brazil,2014,15718.56495
Brazil,2013,15588.72613
Brazil,2012,15046.29018
Brazil,2011,15040.06109
Brunei,2020,65607.35075
Brunei,2019,64718.8325
Brunei,2018,61831.88885
Brunei,2017,60994.53156
Brunei,2016,56297.22671
Brunei,2015,62540.62522
Brunei,2014,81371.23087
Brunei,2013,83788.51089
Brunei,2012,88245.95835
Brunei,2011,83935.22572
Bulgaria,2020,24564.43768
Bulgaria,2019,24497.62727
Bulgaria,2018,23016.09064
Bulgaria,2017,21469.94544
Bulgaria,2016,20074.35539
Bulgaria,2015,18391.92747
Bulgaria,2014,17616.91318
Bulgaria,2013,16647.0064
Bulgaria,2012,16327.87261
Bulgaria,2011,15747.08538
Burkina Faso,2020,2273.831365
Burkina Faso,2019,2267.320963
Burkina Faso,2018,2168.408706
Burkina Faso,2017,2044.386987
Burkina Faso,2016,1895.295066
Burkina Faso,2015,1713.520136
Burkina Faso,2014,1692.303242
Burkina Faso,2013,1683.105833
Burkina Faso,2012,1619.399426
Burkina Faso,2011,1586.571161
Burundi,2020,771.1012372
Burundi,2019,783.1577656
Burundi,2018,779.7170375
Burundi,2017,773.5728587
Burundi,2016,796.9440834
Burundi,2015,841.5399533
Burundi,2014,777.0412415
Burundi,2013,740.9775848
Burundi,2012,690.6976916
Burundi,2011,681.9716213
CÃ´te d'Ivoire,2020,5465.068781
CÃ´te d'Ivoire,2019,5432.547727
CÃ´te d'Ivoire,2018,5153.729184
CÃ´te d'Ivoire,2017,4830.750515
CÃ´te d'Ivoire,2016,4726.98074
CÃ´te d'Ivoire,2015,4652.889619
CÃ´te d'Ivoire,2014,4319.578655
CÃ´te d'Ivoire,2013,3867.323876
CÃ´te d'Ivoire,2012,3558.631068
CÃ´te d'Ivoire,2011,3470.929834
Cabo Verde,2020,6376.122279
Cabo Verde,2019,7474.510419
Cabo Verde,2018,7028.171433
Cabo Verde,2017,6643.179892
Cabo Verde,2016,6322.913234
Cabo Verde,2015,5994.407103
Cabo Verde,2014,5748.096238
Cabo Verde,2013,5792.919833
Cabo Verde,2012,5818.903059
Cabo Verde,2011,5966.848
Cambodia,2020,4423.474631
Cambodia,2019,4574.028452
Cambodia,2018,4258.705237
Cambodia,2017,3928.373934
Cambodia,2016,3675.03862
Cambodia,2015,3388.737638
Cambodia,2014,3185.336272
Cambodia,2013,3045.590961
Cambodia,2012,2868.737515
Cambodia,2011,2611.306349
Cameroon,2020,3867.203808
Cameroon,2019,3900.822515
Cameroon,2018,3800.52695
Cameroon,2017,3665.117851
Cameroon,2016,3527.165372
Cameroon,2015,3395.628961
Cameroon,2014,3312.540064
Cameroon,2013,3129.858638
Cameroon,2012,2958.692624
Cameroon,2011,2892.448394
Canada,2020,46572.13743
Canada,2019,49299.21177
Canada,2018,49992.76228
Canada,2017,48317.17458
Canada,2016,46472.34025
Canada,2015,44670.08054
Canada,2014,45753.75055
Canada,2013,44298.57873
Canada,2012,42290.96541
Canada,2011,41666.70763
Caribbean small states,2020,15670.60042
Caribbean small states,2019,16854.74292
Caribbean small states,2018,16465.8332
Caribbean small states,2017,15925.39552
Caribbean small states,2016,15139.71704
Caribbean small states,2015,15285.77526
Caribbean small states,2014,15500.95288
Caribbean small states,2013,15377.39929
Caribbean small states,2012,15129.46422
Caribbean small states,2011,15161.34599
Cayman Islands,2020,72481.01386
Cayman Islands,2019,76836.49896
Cayman Islands,2018,73550.41797
Cayman Islands,2017,69753.08956
Cayman Islands,2016,66639.55055
Cayman Islands,2015,64233.53429
Cayman Islands,2014,63067.41952
Cayman Islands,2013,62440.00804
Cayman Islands,2012,62795.90211
Cayman Islands,2011,64014.74282
Central African Republic,2020,989.2187437
Central African Republic,2019,985.9877166
Central African Republic,2018,955.402049
Central African Republic,2017,912.8030453
Central African Republic,2016,851.0726713
Central African Republic,2015,787.0129065
Central African Republic,2014,720.3241096
Central African Republic,2013,738.4748923
Central African Republic,2012,1102.027526
Central African Republic,2011,1012.657401
Central Europe and the Baltics,2020,33757.42073
Central Europe and the Baltics,2019,33774.73529
Central Europe and the Baltics,2018,31928.91264
Central Europe and the Baltics,2017,29901.29603
Central Europe and the Baltics,2016,27874.98508
Central Europe and the Baltics,2015,26140.06399
Central Europe and the Baltics,2014,24984.3613
Central Europe and the Baltics,2013,23964.15015
Central Europe and the Baltics,2012,22975.52435
Central Europe and the Baltics,2011,22187.39113
Chad,2020,1591.669953
Chad,2019,1646.293573
Chad,2018,1613.979598
Chad,2017,1587.032328
Chad,2016,1664.512586
Chad,2015,1820.059909
Chad,2014,1677.090331
Chad,2013,1569.058704
Chad,2012,1730.793964
Chad,2011,1797.749797
Chile,2020,25089.0313
Chile,2019,25322.71106
Chile,2018,25526.70552
Chile,2017,24411.54477
Chile,2016,23330.77111
Chile,2015,22566.17765
Chile,2014,22687.25157
Chile,2013,22346.99046
Chile,2012,21512.00442
Chile,2011,20259.72939
China,2020,17189.28179
China,2019,16652.0988
China,2018,15495.54842
China,2017,14243.53261
China,2016,13483.37727
China,2015,12897.50229
China,2014,12480.33853
China,2013,11872.49738
China,2012,11168.6973
China,2011,10292.94048
Colombia,2020,14868.46982
Colombia,2019,15673.09435
Colombia,2018,15044.05534
Colombia,2017,14171.3205
Colombia,2016,13812.09606
Colombia,2015,13265.79726
Colombia,2014,13307.4245
Colombia,2013,12727.76493
Colombia,2012,12018.65128
Colombia,2011,11604.10228
Comoros,2020,3147.856597
Comoros,2019,3188.083106
Comoros,2018,3146.531646
Comoros,2017,3032.262133
Comoros,2016,2863.852044
Comoros,2015,2709.56254
Comoros,2014,2716.827525
Comoros,2013,2636.472976
Comoros,2012,2511.505979
Comoros,2011,2337.027619
Congo,2020,3689.111729
Congo,2019,3987.163642
Congo,2018,4022.278572
Congo,2017,4234.659883
Congo,2016,3839.9616
Congo,2015,4639.744518
Congo,2014,5931.133916
Congo,2013,6069.000985
Congo,2012,6335.785752
Congo,2011,5428.241535
Costa Rica,2020,22243.80196
Costa Rica,2019,22632.44207
Costa Rica,2018,21319.04399
Costa Rica,2017,20347.03477
Costa Rica,2016,19075.00447
Costa Rica,2015,17090.79658
Costa Rica,2014,16067.33077
Costa Rica,2013,15005.91936
Costa Rica,2012,14321.51837
Costa Rica,2011,13545.93177
Croatia,2020,28780.31674
Croatia,2019,30543.93375
Croatia,2018,28877.23828
Croatia,2017,27154.08469
Croatia,2016,25210.98297
Croatia,2015,23301.27286
Croatia,2014,22325.07659
Croatia,2013,22081.09779
Croatia,2012,21397.48678
Croatia,2011,21014.7388
CuraÃ§ao,2020,20681.24471
CuraÃ§ao,2019,24657.76263
CuraÃ§ao,2018,24771.60079
CuraÃ§ao,2017,24599.93783
CuraÃ§ao,2016,23953.9408
CuraÃ§ao,2015,24221.15367
CuraÃ§ao,2014,24495.6341
CuraÃ§ao,2013,25034.4605
CuraÃ§ao,2012,25284.57674
CuraÃ§ao,2011,26278.56532
Cyprus,2020,39593.42578
Cyprus,2019,42338.87891
Cyprus,2018,40559.125
Cyprus,2017,38287.96875
Cyprus,2016,35719.15234
Cyprus,2015,31815.27344
Cyprus,2014,30080.23047
Cyprus,2013,30375.0918
Cyprus,2012,31834.51758
Cyprus,2011,33313.57813
Czech Republic,2020,41608.02535
Czech Republic,2019,42847.00474
Czech Republic,2018,41135.49298
Czech Republic,2017,38824.88792
Czech Republic,2016,36097.70526
Czech Republic,2015,33899.28657
Czech Republic,2014,32502.47535
Czech Republic,2013,30818.10816
Czech Republic,2012,29254.73127
Czech Republic,2011,29001.36804
Dem. Rep. Congo,2020,1141.726007
Dem. Rep. Congo,2019,1144.287321
Dem. Rep. Congo,2018,1111.835806
Dem. Rep. Congo,2017,1059.810762
Dem. Rep. Congo,2016,963.6692722
Dem. Rep. Congo,2015,905.4505994
Dem. Rep. Congo,2014,849.7608186
Dem. Rep. Congo,2013,753.4851681
Dem. Rep. Congo,2012,669.5674426
Dem. Rep. Congo,2011,668.940881
Denmark,2020,60229.91477
Denmark,2019,58700.97467
Denmark,2018,57482.9624
Denmark,2017,55356.68078
Denmark,2016,51976.00571
Denmark,2015,49045.33919
Denmark,2014,47901.44736
Denmark,2013,46726.85414
Denmark,2012,44803.96824
Denmark,2011,44403.38484
Djibouti,2020,5532.682123
Djibouti,2019,5482.012136
Djibouti,2018,5180.596948
Djibouti,2017,4904.976636
Djibouti,2016,4695.100996
Djibouti,2015,4563.377343
Djibouti,2014,4289.03425
Djibouti,2013,4103.941204
Dominica,2020,10818.02494
Dominica,2019,12850.2005
Dominica,2018,11996.36634
Dominica,2017,11341.33259
Dominica,2016,11949.53406
Dominica,2015,11141.2011
Dominica,2014,10909.37663
Dominica,2013,10145.91938
Dominica,2012,9946.830265
Dominica,2011,10199.12424
Dominican Republic,2020,17934.19325
Dominican Republic,2019,19190.00888
Dominican Republic,2018,18134.93226
Dominican Republic,2017,16735.36442
Dominican Republic,2016,16109.86367
Dominican Republic,2015,14740.82687
Dominican Republic,2014,13475.01117
Dominican Republic,2013,12482.16212
Dominican Republic,2012,11900.48501
Dominican Republic,2011,11869.12309
Early-demographic dividend,2020,9381.827478
Early-demographic dividend,2019,9782.709966
Early-demographic dividend,2018,9530.145859
Early-demographic dividend,2017,9086.117586
Early-demographic dividend,2016,8675.951978
Early-demographic dividend,2015,8334.31414
Early-demographic dividend,2014,8231.999535
Early-demographic dividend,2013,8007.978473
Early-demographic dividend,2012,7770.923038
Early-demographic dividend,2011,7409.3026
East Asia & Pacific,2020,18612.85181
East Asia & Pacific,2019,18376.44353
East Asia & Pacific,2018,17448.44917
East Asia & Pacific,2017,16351.10772
East Asia & Pacific,2016,15629.52749
East Asia & Pacific,2015,15128.56725
East Asia & Pacific,2014,14714.05288
East Asia & Pacific,2013,14202.55761
East Asia & Pacific,2012,13510.3467
East Asia & Pacific,2011,12679.24515
East Asia & Pacific (excluding high income),2020,15263.90493
East Asia & Pacific (excluding high income),2019,15034.14597
East Asia & Pacific (excluding high income),2018,14055.48801
East Asia & Pacific (excluding high income),2017,12987.36998
East Asia & Pacific (excluding high income),2016,12314.03871
East Asia & Pacific (excluding high income),2015,11794.32213
East Asia & Pacific (excluding high income),2014,11473.70939
East Asia & Pacific (excluding high income),2013,10968.67989
East Asia & Pacific (excluding high income),2012,10383.92247
East Asia & Pacific (excluding high income),2011,9589.023608
East Asia & Pacific (IDA & IBRD),2020,15433.10124
East Asia & Pacific (IDA & IBRD),2019,15200.89164
East Asia & Pacific (IDA & IBRD),2018,14211.59392
East Asia & Pacific (IDA & IBRD),2017,13131.92163
East Asia & Pacific (IDA & IBRD),2016,12451.53695
East Asia & Pacific (IDA & IBRD),2015,11926.40511
East Asia & Pacific (IDA & IBRD),2014,11602.58783
East Asia & Pacific (IDA & IBRD),2013,11092.28944
East Asia & Pacific (IDA & IBRD),2012,10501.36152
East Asia & Pacific (IDA & IBRD),2011,9697.885846
Ecuador,2020,10890.45664
Ecuador,2019,11850.49495
Ecuador,2018,11837.95927
Ecuador,2017,11617.91222
Ecuador,2016,11034.26918
Ecuador,2015,11060.28627
Ecuador,2014,11713.17591
Ecuador,2013,11153.68521
Ecuador,2012,10311.4046
Ecuador,2011,9857.520523
Egypt,2020,12605.97574
Egypt,2019,12259.71657
Egypt,2018,11637.87851
Egypt,2017,11014.48648
Egypt,2016,11192.37301
Egypt,2015,11512.40214
Egypt,2014,10895.94317
Egypt,2013,11221.38039
Egypt,2012,11092.74326
Egypt,2011,9686.046264
El Salvador,2020,8419.799438
El Salvador,2019,9146.512043
El Salvador,2018,8821.519457
El Salvador,2017,8454.052167
El Salvador,2016,8038.629794
El Salvador,2015,7597.689174
El Salvador,2014,7233.195221
El Salvador,2013,6877.146376
El Salvador,2012,6541.216164
El Salvador,2011,6465.808489
Equatorial Guinea,2020,18157.51367
Equatorial Guinea,2019,19385.41369
Equatorial Guinea,2018,20873.03796
Equatorial Guinea,2017,22550.95816
Equatorial Guinea,2016,20458.7786
Equatorial Guinea,2015,24042.35307
Equatorial Guinea,2014,33696.21649
Equatorial Guinea,2013,34766.04388
Equatorial Guinea,2012,37570.6354
Equatorial Guinea,2011,34279.977
Eritrea,2011,1625.507673
Estonia,2020,37645.22136
Estonia,2019,37851.30077
Estonia,2018,36249.35815
Estonia,2017,33821.93291
Estonia,2016,31312.7523
Estonia,2015,29175.92593
Estonia,2014,28945.46533
Estonia,2013,27464.51868
Estonia,2012,25996.04678
Estonia,2011,24557.23615
Eswatini,2020,8865.017138
Eswatini,2019,9018.115773
Eswatini,2018,8725.110443
Eswatini,2017,8408.035915
Eswatini,2016,8705.84317
Eswatini,2015,8813.008782
Eswatini,2014,8798.29399
Eswatini,2013,8708.440279
Eswatini,2012,8266.491725
Eswatini,2011,8057.563801
Ethiopia,2020,2422.681026
Ethiopia,2019,2315.158138
Ethiopia,2018,2153.769081
Ethiopia,2017,2021.562908
Ethiopia,2016,1878.812682
Ethiopia,2015,1657.344704
Ethiopia,2014,1513.703236
Ethiopia,2013,1283.570449
Ethiopia,2012,1213.595972
Ethiopia,2011,1134.784509
Euro area,2020,47146.77352
Euro area,2019,48853.59872
Euro area,2018,47548.52271
Euro area,2017,45610.76395
Euro area,2016,43532.99383
Euro area,2015,41038.03385
Euro area,2014,39949.71223
Euro area,2013,38986.0722
Euro area,2012,37799.03875
Euro area,2011,37425.37192
Europe & Central Asia,2020,35860.62682
Europe & Central Asia,2019,36744.02403
Europe & Central Asia,2018,35757.71023
Europe & Central Asia,2017,34073.93754
Europe & Central Asia,2016,32401.30862
Europe & Central Asia,2015,30967.68712
Europe & Central Asia,2014,30540.7337
Europe & Central Asia,2013,29814.3749
Europe & Central Asia,2012,28506.46584
Europe & Central Asia,2011,27743.13486
Europe & Central Asia (excluding high income),2020,22651.27778
Europe & Central Asia (excluding high income),2019,22757.90674
Europe & Central Asia (excluding high income),2018,22233.96765
Europe & Central Asia (excluding high income),2017,20830.33483
Europe & Central Asia (excluding high income),2016,19645.82109
Europe & Central Asia (excluding high income),2015,19250.60477
Europe & Central Asia (excluding high income),2014,19709.44362
Europe & Central Asia (excluding high income),2013,19358.78075
Europe & Central Asia (excluding high income),2012,17957.83062
Europe & Central Asia (excluding high income),2011,16947.84306
Europe & Central Asia (IDA & IBRD),2020,24057.54034
Europe & Central Asia (IDA & IBRD),2019,24119.15816
Europe & Central Asia (IDA & IBRD),2018,23398.94588
Europe & Central Asia (IDA & IBRD),2017,21925.39727
Europe & Central Asia (IDA & IBRD),2016,20621.89918
Europe & Central Asia (IDA & IBRD),2015,20030.74559
Europe & Central Asia (IDA & IBRD),2014,20263.36288
Europe & Central Asia (IDA & IBRD),2013,19846.5237
Europe & Central Asia (IDA & IBRD),2012,18527.15112
Europe & Central Asia (IDA & IBRD),2011,17535.97223
European Union,2020,44817.42601
European Union,2019,46074.83544
European Union,2018,44643.86611
European Union,2017,42677.58868
European Union,2016,40580.13837
European Union,2015,38222.80411
European Union,2014,37077.01712
European Union,2013,36090.22351
European Union,2012,34936.48814
European Union,2011,34467.26742
Fiji,2020,12158.24331
Fiji,2019,14261.83161
Fiji,2018,14176.90602
Fiji,2017,13429.30062
Fiji,2016,12631.9122
Fiji,2015,12412.35069
Fiji,2014,11346.94579
Fiji,2013,9536.326349
Fiji,2012,8839.515862
Fiji,2011,8263.045462
Finland,2020,50937.16075
Finland,2019,50321.53969
Finland,2018,49580.6052
Finland,2017,47570.13358
Finland,2016,44934.44821
Finland,2015,42497.70498
Finland,2014,41757.40219
Finland,2013,41493.14165
Finland,2012,40873.09533
Finland,2011,40916.83858
Fragile and conflict affected situations,2020,4674.026857
Fragile and conflict affected situations,2019,4912.554067
Fragile and conflict affected situations,2018,4811.061559
Fragile and conflict affected situations,2017,4658.846541
Fragile and conflict affected situations,2016,4511.39675
Fragile and conflict affected situations,2015,4458.613063
Fragile and conflict affected situations,2014,4663.418309
Fragile and conflict affected situations,2013,4652.809762
Fragile and conflict affected situations,2012,4452.318635
Fragile and conflict affected situations,2011,4232.108676
France,2020,46991.18203
France,2019,49072.36383
France,2018,46576.60185
France,2017,44577.06457
France,2016,42924.61363
France,2015,40849.99738
France,2014,40144.02683
France,2013,39523.85515
France,2012,37679.11891
France,2011,37440.63347
Gabon,2020,15105.13431
Gabon,2019,15576.64316
Gabon,2018,15095.9268
Gabon,2017,15006.84404
Gabon,2016,14286.1897
Gabon,2015,14699.53605
Gabon,2014,15370.96799
Gabon,2013,15114.37751
Gabon,2012,15356.23542
Gabon,2011,15638.74717
Georgia,2020,14731.20059
Georgia,2019,15621.87366
Georgia,2018,14593.92448
Georgia,2017,13589.70739
Georgia,2016,12858.4834
Georgia,2015,12089.16941
Georgia,2014,11575.54721
Georgia,2013,10611.77412
Georgia,2012,9826.052753
Georgia,2011,8360.297207
Germany,2020,54844.54597
Germany,2019,55652.88749
Germany,2018,55235.3663
Germany,2017,53071.45557
Germany,2016,50579.68393
Germany,2015,47609.781
Germany,2014,47011.55109
Germany,2013,44993.89275
Germany,2012,43359.61483
Germany,2011,42541.53109
Ghana,2020,5749.655385
Ghana,2019,5773.860982
Ghana,2018,5442.2359
Ghana,2017,5115.90675
Ghana,2016,4992.730339
Ghana,2015,5206.028871
Ghana,2014,5568.235957
Ghana,2013,5294.820028
Ghana,2012,3781.865529
Ghana,2011,3379.484599
Greece,2020,27948.64973
Greece,2019,30356.2664
Greece,2018,29617.54834
Greece,2017,28604.86094
Greece,2016,27511.80102
Greece,2015,26760.3633
Greece,2014,26625.06181
Greece,2013,25986.65032
Greece,2012,24911.11963
Greece,2011,25671.51609
Grenada,2020,15273.54036
Grenada,2019,17579.4611
Grenada,2018,17239.74567
Grenada,2017,16217.49985
Grenada,2016,15025.68384
Grenada,2015,14151.90107
Grenada,2014,13042.05562
Grenada,2013,11887.35788
Grenada,2012,11163.81531
Grenada,2011,11116.74789
Guatemala,2020,8852.947743
Guatemala,2019,9018.51752
Guatemala,2018,8664.33432
Guatemala,2017,8322.21681
Guatemala,2016,8221.746427
Guatemala,2015,8194.440681
Guatemala,2014,7758.49317
Guatemala,2013,7446.588009
Guatemala,2012,7204.732938
Guatemala,2011,6910.876502
Guinea,2020,2754.418384
Guinea,2019,2674.633599
Guinea,2018,2559.425545
Guinea,2017,2417.803795
Guinea,2016,2078.641003
Guinea,2015,1819.362343
Guinea,2014,1804.543283
Guinea,2013,1811.332518
Guinea,2012,1795.447808
Guinea,2011,1743.949109
Guinea-Bissau,2020,1948.643401
Guinea-Bissau,2019,2021.136428
Guinea-Bissau,2018,1947.369095
Guinea-Bissau,2017,1925.237737
Guinea-Bissau,2016,1746.752746
Guinea-Bissau,2015,1597.204254
Guinea-Bissau,2014,1378.23754
Guinea-Bissau,2013,1364.38361
Guinea-Bissau,2012,1355.313564
Guinea-Bissau,2011,1439.283435
Guyana,2020,19702.97442
Guyana,2019,13634.30959
Guyana,2018,12775.6714
Guyana,2017,12005.4051
Guyana,2016,11296.76997
Guyana,2015,11198.30115
Guyana,2014,10951.79324
Guyana,2013,11023.22968
Guyana,2012,10479.77808
Guyana,2011,9987.421428
Haiti,2020,3094.941621
Haiti,2019,3203.037737
Haiti,2018,3240.924375
Haiti,2017,3153.299389
Haiti,2016,3084.033834
Haiti,2015,2898.624661
Haiti,2014,2965.479033
Haiti,2013,2952.303877
Haiti,2012,2762.440275
Haiti,2011,2805.727295
Heavily indebted poor countries (HIPC),2020,2680.075602
Heavily indebted poor countries (HIPC),2019,2714.544572
Heavily indebted poor countries (HIPC),2018,2627.457417
Heavily indebted poor countries (HIPC),2017,2531.424458
Heavily indebted poor countries (HIPC),2016,2452.982566
Heavily indebted poor countries (HIPC),2015,2361.404089
Heavily indebted poor countries (HIPC),2014,2314.559145
Heavily indebted poor countries (HIPC),2013,2173.924766
Heavily indebted poor countries (HIPC),2012,2038.338225
Heavily indebted poor countries (HIPC),2011,2050.49728
High income,2020,50452.4219
High income,2019,51771.86332
High income,2018,50451.20972
High income,2017,48428.18012
High income,2016,46529.25777
High income,2015,45207.75779
High income,2014,44458.8968
High income,2013,43337.52012
High income,2012,41967.11114
High income,2011,40837.08336
Honduras,2020,5419.792164
Honduras,2019,5978.274828
Honduras,2018,5816.067372
Honduras,2017,5561.994542
Honduras,2016,5147.245133
Honduras,2015,4823.395396
Honduras,2014,4452.587991
Honduras,2013,4142.238456
Honduras,2012,4032.580856
Honduras,2011,3928.268538
"Hong Kong SAR, China",2020,58980.01105
"Hong Kong SAR, China",2019,62103.41335
"Hong Kong SAR, China",2018,62513.95527
"Hong Kong SAR, China",2017,59842.213
"Hong Kong SAR, China",2016,57225.09
"Hong Kong SAR, China",2015,56408.93627
"Hong Kong SAR, China",2014,54781.64716
"Hong Kong SAR, China",2013,53691.83748
"Hong Kong SAR, China",2012,52234.59232
"Hong Kong SAR, China",2011,52277.46644
Hungary,2020,33274.34766
Hungary,2019,33514.94179
Hungary,2018,31913.07466
Hungary,2017,29501.12042
Hungary,2016,27947.63769
Hungary,2015,26806.59525
Hungary,2014,25699.7505
Hungary,2013,24556.71535
Hungary,2012,23275.23186
Hungary,2011,23038.80802
IBRD only,2020,13814.65935
IBRD only,2019,14018.36683
IBRD only,2018,13411.53826
IBRD only,2017,12590.48089
IBRD only,2016,11973.73195
IBRD only,2015,11549.76538
IBRD only,2014,11459.63007
IBRD only,2013,11138.34864
IBRD only,2012,10648.70084
IBRD only,2011,10044.97202
Iceland,2020,53616.68471
Iceland,2019,58290.09683
Iceland,2018,57211.30031
Iceland,2017,55638.49206
Iceland,2016,53480.39719
Iceland,2015,49201.0641
Iceland,2014,45996.96875
Iceland,2013,44409.66895
Iceland,2012,42004.44761
Iceland,2011,40936.86783
IDA & IBRD total,2020,11250.01449
IDA & IBRD total,2019,11439.80137
IDA & IBRD total,2018,10977.01596
IDA & IBRD total,2017,10341.69135
IDA & IBRD total,2016,9875.347394
IDA & IBRD total,2015,9539.151078
IDA & IBRD total,2014,9471.862483
IDA & IBRD total,2013,9204.593263
IDA & IBRD total,2012,8810.313536
IDA & IBRD total,2011,8352.422453
IDA blend,2020,5225.875159
IDA blend,2019,5348.039853
IDA blend,2018,5226.349504
IDA blend,2017,5010.740875
IDA blend,2016,4945.430372
IDA blend,2015,4960.687928
IDA blend,2014,4889.509047
IDA blend,2013,4675.857888
IDA blend,2012,4500.640738
IDA blend,2011,4423.13453
IDA only,2020,3336.298689
IDA only,2019,3331.420313
IDA only,2018,3165.973207
IDA only,2017,2998.395868
IDA only,2016,2876.767901
IDA only,2015,2635.810777
IDA only,2014,2558.797148
IDA only,2013,2403.978044
IDA only,2012,2245.743316
IDA only,2011,2193.528465
IDA total,2020,3960.34016
IDA total,2019,3999.338097
IDA total,2018,3850.2139
IDA total,2017,3667.308564
IDA total,2016,3565.704694
IDA total,2015,3414.08023
IDA total,2014,3338.910463
IDA total,2013,3164.200306
IDA total,2012,2999.642446
IDA total,2011,2938.217692
India,2020,6525.428052
India,2019,6971.687276
India,2018,6669.622784
India,2017,6182.922109
India,2016,5839.864817
India,2015,5464.859178
India,2014,5233.882343
India,2013,5057.233414
India,2012,4861.156152
India,2011,4493.669466
Indonesia,2020,12072.43996
Indonesia,2019,12310.62737
Indonesia,2018,11643.39732
Indonesia,2017,10935.63172
Indonesia,2016,10494.4738
Indonesia,2015,10247.20634
Indonesia,2014,10278.17731
Indonesia,2013,10067.46574
Indonesia,2012,9713.900487
Indonesia,2011,9095.741723
Iran,2020,15791.15951
Iran,2019,15532.51636
Iran,2018,15677.4298
Iran,2017,15883.39425
Iran,2016,15351.44942
Iran,2015,14409.57835
Iran,2014,16210.91989
Iran,2013,16351.70173
Iran,2012,17153.0675
Iran,2011,19415.61396
Iraq,2020,9954.345263
Iraq,2019,11349.40215
Iraq,2018,10808.20883
Iraq,2017,10526.37091
Iraq,2016,9428.606621
Iraq,2015,9763.90409
Iraq,2014,13888.07638
Iraq,2013,15535.34598
Iraq,2012,15163.35014
Iraq,2011,13515.54593
Ireland,2020,93350.08753
Ireland,2019,87379.69297
Ireland,2018,84555.6348
Ireland,2017,77749.20196
Ireland,2016,71498.60101
Ireland,2015,69028.77272
Ireland,2014,51098.26668
Ireland,2013,47830.63089
Ireland,2012,46361.46369
Ireland,2011,45080.1887
Israel,2020,39489.28078
Israel,2019,40004.03051
Israel,2018,39906.12468
Israel,2017,39121.29583
Israel,2016,37843.19463
Israel,2015,35469.9502
Israel,2014,34366.18102
Israel,2013,34324.37815
Israel,2012,31846.35583
Israel,2011,30636.35238
Italy,2020,41987.81596
Italy,2019,44376.1625
Italy,2018,43036.24378
Italy,2017,41581.12079
Italy,2016,39926.95466
Italy,2015,36899.38521
Italy,2014,36194.87392
Italy,2013,36314.6971
Italy,2012,36486.29679
Italy,2011,36598.01497
Jamaica,2020,9240.821869
Jamaica,2019,10189.6402
Jamaica,2018,9967.429208
Jamaica,2017,9600.104746
Jamaica,2016,9194.156739
Jamaica,2015,8792.056957
Jamaica,2014,8545.102837
Jamaica,2013,8442.983667
Jamaica,2012,8187.193674
Jamaica,2011,8159.876165
Japan,2020,42100.25769
Japan,2019,42282.55089
Japan,2018,42116.47435
Japan,2017,41444.21574
Japan,2016,40596.96866
Japan,2015,40898.80697
Japan,2014,39555.41201
Japan,2013,39402.0251
Japan,2012,37605.97426
Japan,2011,36214.43977
Jordan,2020,10354.16403
Jordan,2019,10496.43835
Jordan,2018,10252.61882
Jordan,2017,10003.57498
Jordan,2016,9445.916863
Jordan,2015,9464.682242
Jordan,2014,9181.046372
Jordan,2013,9322.302454
Jordan,2012,9189.189214
Jordan,2011,9402.616204
Kazakhstan,2020,26750.44623
Kazakhstan,2019,27463.97155
Kazakhstan,2018,26154.60194
Kazakhstan,2017,24862.96612
Kazakhstan,2016,23818.82483
Kazakhstan,2015,23224.11784
Kazakhstan,2014,24726.47287
Kazakhstan,2013,24504.76609
Kazakhstan,2012,22032.17454
Kazakhstan,2011,20779.44425
Kenya,2020,4587.18632
Kenya,2019,4647.409761
Kenya,2018,4443.452322
Kenya,2017,4203.585011
Kenya,2016,3930.893858
Kenya,2015,3683.041911
Kenya,2014,3357.641641
Kenya,2013,3097.630627
Kenya,2012,2830.694373
Kenya,2011,2723.546449
Kiribati,2020,2171.867943
Kiribati,2019,2191.529089
Kiribati,2018,2197.699484
Kiribati,2017,2069.054185
Kiribati,2016,2064.874291
Kiribati,2015,2083.873812
Kiribati,2014,1904.405466
Kiribati,2013,1916.450132
Kiribati,2012,1834.198031
Kiribati,2011,1739.113118
Korea,2020,45225.84454
Korea,2019,42998.38824
Korea,2018,43044.29176
Korea,2017,40957.41806
Korea,2016,39575.45428
Korea,2015,37902.4004
Korea,2014,35324.49767
Korea,2013,34244.31214
Korea,2012,33557.12872
Korea,2011,32546.75365
Kosovo,2020,11292.86265
Kosovo,2019,11796.15331
Kosovo,2018,11012.10966
Kosovo,2017,10436.16885
Kosovo,2016,10007.68923
Kosovo,2015,9357.135136
Kosovo,2014,8649.449499
Kosovo,2013,8383.397311
Kosovo,2012,8039.207976
Kosovo,2011,7780.594464
Kuwait,2020,47303.12985
Kuwait,2019,52054.71258
Kuwait,2018,52290.9059
Kuwait,2017,50855.55291
Kuwait,2016,44685.49743
Kuwait,2015,47230.66013
Kuwait,2014,70082.46284
Kuwait,2013,78058.38006
Kuwait,2012,82680.40594
Kuwait,2011,78178.22037
Kyrgyz Republic,2020,4985.029555
Kyrgyz Republic,2019,5480.293907
Kyrgyz Republic,2018,5255.783473
Kyrgyz Republic,2017,5046.691535
Kyrgyz Republic,2016,4681.174733
Kyrgyz Republic,2015,4214.829509
Kyrgyz Republic,2014,4281.824074
Kyrgyz Republic,2013,4042.893053
Kyrgyz Republic,2012,3618.149726
Kyrgyz Republic,2011,3297.366837
Lao PDR,2020,8238.494568
Lao PDR,2019,8219.505763
Lao PDR,2018,7774.222998
Lao PDR,2017,7257.812107
Lao PDR,2016,6843.559583
Lao PDR,2015,6168.481302
Lao PDR,2014,5873.749297
Lao PDR,2013,5289.478007
Lao PDR,2012,4841.645315
Lao PDR,2011,4150.826134
Late-demographic dividend,2020,18415.06282
Late-demographic dividend,2019,18276.29653
Late-demographic dividend,2018,17265.2065
Late-demographic dividend,2017,16029.55014
Late-demographic dividend,2016,15196.2068
Late-demographic dividend,2015,14735.73083
Late-demographic dividend,2014,14716.99202
Late-demographic dividend,2013,14234.814
Late-demographic dividend,2012,13505.13735
Late-demographic dividend,2011,12665.53615
Latin America & Caribbean,2020,15685.23579
Latin America & Caribbean,2019,16600.60912
Latin America & Caribbean,2018,16406.12968
Latin America & Caribbean,2017,15928.79254
Latin America & Caribbean,2016,15291.34522
Latin America & Caribbean,2015,15029.69175
Latin America & Caribbean,2014,15234.91826
Latin America & Caribbean,2013,14914.05717
Latin America & Caribbean,2012,14429.58714
Latin America & Caribbean,2011,14139.99306
Latin America & Caribbean (excluding high income),2020,15028.11761
Latin America & Caribbean (excluding high income),2019,15915.29055
Latin America & Caribbean (excluding high income),2018,15739.92384
Latin America & Caribbean (excluding high income),2017,15311.131
Latin America & Caribbean (excluding high income),2016,14717.44632
Latin America & Caribbean (excluding high income),2015,14508.78705
Latin America & Caribbean (excluding high income),2014,14741.97703
Latin America & Caribbean (excluding high income),2013,14436.47219
Latin America & Caribbean (excluding high income),2012,13970.06998
Latin America & Caribbean (excluding high income),2011,13712.47658
Latin America & Caribbean (IDA & IBRD),2020,15607.83271
Latin America & Caribbean (IDA & IBRD),2019,16516.14332
Latin America & Caribbean (IDA & IBRD),2018,16328.84845
Latin America & Caribbean (IDA & IBRD),2017,15849.55661
Latin America & Caribbean (IDA & IBRD),2016,15206.09609
Latin America & Caribbean (IDA & IBRD),2015,14943.19348
Latin America & Caribbean (IDA & IBRD),2014,15152.78324
Latin America & Caribbean (IDA & IBRD),2013,14831.8383
Latin America & Caribbean (IDA & IBRD),2012,14345.05836
Latin America & Caribbean (IDA & IBRD),2011,14055.55749
Latvia,2020,31424.90221
Latvia,2019,31883.25911
Latvia,2018,30877.04193
Latvia,2017,28673.5634
Latvia,2016,26721.7262
Latvia,2015,24972.78609
Latvia,2014,23815.80006
Latvia,2013,22639.06834
Latvia,2012,21290.45959
Latvia,2011,19248.4194
Least developed countries: UN classification,2020,3263.075364
Least developed countries: UN classification,2019,3263.89536
Least developed countries: UN classification,2018,3113.849948
Least developed countries: UN classification,2017,2965.095985
Least developed countries: UN classification,2016,2846.655458
Least developed countries: UN classification,2015,2601.234162
Least developed countries: UN classification,2014,2548.295047
Least developed countries: UN classification,2013,2397.861284
Least developed countries: UN classification,2012,2282.364306
Least developed countries: UN classification,2011,2227.977796
Lebanon,2020,11376.79398
Lebanon,2019,15105.05921
Lebanon,2018,15933.40097
Lebanon,2017,15953.67042
Lebanon,2016,15462.34275
Lebanon,2015,15064.73931
Lebanon,2014,15017.34706
Lebanon,2013,14967.44766
Lebanon,2012,14813.13213
Lebanon,2011,14669.41582
Lesotho,2020,2569.337741
Lesotho,2019,2768.216136
Lesotho,2018,2677.123334
Lesotho,2017,2668.291425
Lesotho,2016,2990.283703
Lesotho,2015,3077.397834
Lesotho,2014,2804.178667
Lesotho,2013,2563.068351
Lesotho,2012,2308.929035
Lesotho,2011,2290.128695
Liberia,2020,1468.245239
Liberia,2019,1531.794745
Liberia,2018,1580.854668
Liberia,2017,1564.197682
Liberia,2016,1429.792082
Liberia,2015,1312.462766
Liberia,2014,1417.829286
Liberia,2013,1387.421641
Liberia,2012,1204.516556
Liberia,2011,1093.54032
Libya,2020,17286.36814
Libya,2019,22764.47805
Libya,2018,25556.8544
Libya,2017,23467.97844
Libya,2016,21164.4097
Libya,2015,21382.46193
Libya,2014,19945.17594
Libya,2013,22856.28427
Libya,2012,27448.54426
Libya,2011,15938.68238
Lithuania,2020,38880.54527
Lithuania,2019,38540.78145
Lithuania,2018,36376.18982
Lithuania,2017,33761.87124
Lithuania,2016,30925.17085
Lithuania,2015,28834.42768
Lithuania,2014,28184.47233
Lithuania,2013,26721.57967
Lithuania,2012,24703.68582
Lithuania,2011,22884.82495
Low & middle income,2020,10894.57349
Low & middle income,2019,11079.9609
Low & middle income,2018,10632.36635
Low & middle income,2017,10015.16262
Low & middle income,2016,9570.318482
Low & middle income,2015,9253.423374
Low & middle income,2014,9196.335279
Low & middle income,2013,8936.212237
Low & middle income,2012,8549.45514
Low & middle income,2011,8099.224443
Low income,2020,2087.656121
Low income,2019,2103.576475
Low income,2018,2033.948414
Low income,2017,1963.397146
Low income,2016,1910.170362
Low income,2015,1806.778885
Low income,2014,1750.259724
Low income,2013,1629.759992
Low income,2012,1559.811243
Low income,2011,1635.396524
Lower middle income,2020,7381.261508
Lower middle income,2019,7650.778276
Lower middle income,2018,7336.869831
Lower middle income,2017,6918.594727
Lower middle income,2016,6629.469833
Lower middle income,2015,6327.217265
Lower middle income,2014,6235.592921
Lower middle income,2013,6072.375981
Lower middle income,2012,5856.619789
Lower middle income,2011,5565.679877
Luxembourg,2020,117846.1365
Luxembourg,2019,117341.9151
Luxembourg,2018,116965.5861
Luxembourg,2017,114985.8422
Luxembourg,2016,113365.1761
Luxembourg,2015,107859.686
Luxembourg,2014,105296.2846
Luxembourg,2013,100925.012
Luxembourg,2012,96636.42664
Luxembourg,2011,94475.03023
"Macao SAR, China",2020,60890.54906
"Macao SAR, China",2019,132644.0343
"Macao SAR, China",2018,135535.9625
"Macao SAR, China",2017,126144.1041
"Macao SAR, China",2016,114893.0153
"Macao SAR, China",2015,116298.7296
"Macao SAR, China",2014,152856.3411
"Macao SAR, China",2013,153563.911
"Macao SAR, China",2012,134012.0148
"Macao SAR, China",2011,120804.8242
Madagascar,2020,1543.952938
Madagascar,2019,1686.842064
Madagascar,2018,1630.088139
Madagascar,2017,1584.424519
Madagascar,2016,1606.667405
Madagascar,2015,1546.83722
Madagascar,2014,1555.82248
Madagascar,2013,1535.488435
Madagascar,2012,1530.93409
Madagascar,2011,1548.327416
Malawi,2020,1591.475591
Malawi,2019,1602.01559
Malawi,2018,1532.489312
Malawi,2017,1472.146868
Malawi,2016,1454.358941
Malawi,2015,1445.735112
Malawi,2014,1530.930754
Malawi,2013,1572.833472
Malawi,2012,1467.138181
Malawi,2011,1508.192132
Malaysia,2020,27921.41095
Malaysia,2019,29620.97866
Malaysia,2018,28236.20719
Malaysia,2017,26661.50742
Malaysia,2016,25546.12952
Malaysia,2015,24801.88843
Malaysia,2014,24607.66873
Malaysia,2013,23477.99117
Malaysia,2012,22985.80166
Malaysia,2011,21704.74427
Maldives,2020,13442.38615
Maldives,2019,20333.92415
Maldives,2018,19242.83173
Maldives,2017,18057.91092
Maldives,2016,17411.34725
Maldives,2015,16768.73418
Maldives,2014,15993.05869
Maldives,2013,14774.18564
Maldives,2012,13690.7352
Maldives,2011,13542.99867
Mali,2020,2347.796674
Mali,2019,2419.688689
Mali,2018,2338.260312
Mali,2017,2246.797421
Mali,2016,2189.006622
Mali,2015,2032.655872
Mali,2014,1915.304472
Mali,2013,1812.96622
Mali,2012,1763.840251
Mali,2011,1826.647557
Malta,2020,43243.17265
Malta,2019,47407.88079
Malta,2018,45568.72321
Malta,2017,43559.31618
Malta,2016,39705.89872
Malta,2015,37455.20487
Malta,2014,34344.02179
Malta,2013,32295.84734
Malta,2012,30243.84131
Malta,2011,28973.27086
Marshall Islands,2020,4147.097245
Marshall Islands,2019,4218.936639
Marshall Islands,2018,3911.76729
Marshall Islands,2017,3711.44609
Marshall Islands,2016,3547.820684
Marshall Islands,2015,3483.922712
Marshall Islands,2014,3410.117432
Marshall Islands,2013,3394.480721
Marshall Islands,2012,3219.701173
Marshall Islands,2011,3245.584664
Mauritania,2020,5389.646488
Mauritania,2019,5569.539163
Mauritania,2018,5317.464294
Mauritania,2017,5108.549132
Mauritania,2016,4700.106262
Mauritania,2015,4200.152563
Mauritania,2014,4295.051489
Mauritania,2013,4481.251842
Mauritania,2012,4262.063697
Mauritania,2011,4225.571262
Mauritius,2020,20528.83365
Mauritius,2019,23834.965
Mauritius,2018,22738.69296
Mauritius,2017,21415.11611
Mauritius,2016,20701.21897
Mauritius,2015,19229.83549
Mauritius,2014,18488.04679
Mauritius,2013,17866.30682
Mauritius,2012,16963.51124
Mauritius,2011,16653.2438
Mexico,2020,18670.8104
Mexico,2019,19862.5632
Mexico,2018,20096.15665
Mexico,2017,19721.26098
Mexico,2016,19323.66587
Mexico,2015,18301.50047
Mexico,2014,18056.78981
Mexico,2013,17373.89746
Mexico,2012,17162.92737
Mexico,2011,16520.25922
Micronesia,2020,3552.596037
Micronesia,2019,3611.363949
Micronesia,2018,3543.161172
Micronesia,2017,3489.707594
Micronesia,2016,3372.959829
Micronesia,2015,3350.09329
Micronesia,2014,3212.924628
Micronesia,2013,3274.777528
Micronesia,2012,3386.653432
Micronesia,2011,3422.355846
Middle East & North Africa,2020,16587.09702
Middle East & North Africa,2019,17255.49329
Middle East & North Africa,2018,17039.79802
Middle East & North Africa,2017,16627.53509
Middle East & North Africa,2016,15996.95781
Middle East & North Africa,2015,16220.44713
Middle East & North Africa,2014,17965.08977
Middle East & North Africa,2013,18278.6781
Middle East & North Africa,2012,18421.26836
Middle East & North Africa,2011,17904.39448
Middle East & North Africa (excluding high income),2020,11009.5569
Middle East & North Africa (excluding high income),2019,11353.77737
Middle East & North Africa (excluding high income),2018,11184.37467
Middle East & North Africa (excluding high income),2017,10923.75836
Middle East & North Africa (excluding high income),2016,10624.08338
Middle East & North Africa (excluding high income),2015,10540.12611
Middle East & North Africa (excluding high income),2014,11200.212
Middle East & North Africa (excluding high income),2013,11525.33341
Middle East & North Africa (excluding high income),2012,11664.85788
Middle East & North Africa (excluding high income),2011,11443.15844
Middle East & North Africa (IDA & IBRD),2020,11076.03301
Middle East & North Africa (IDA & IBRD),2019,11413.9159
Middle East & North Africa (IDA & IBRD),2018,11242.43836
Middle East & North Africa (IDA & IBRD),2017,10978.98251
Middle East & North Africa (IDA & IBRD),2016,10676.66666
Middle East & North Africa (IDA & IBRD),2015,10595.70002
Middle East & North Africa (IDA & IBRD),2014,11268.863
Middle East & North Africa (IDA & IBRD),2013,11599.19282
Middle East & North Africa (IDA & IBRD),2012,11741.29208
Middle East & North Africa (IDA & IBRD),2011,11525.3421
Middle income,2020,11937.82147
Middle income,2019,12125.04559
Middle income,2018,11617.56103
Middle income,2017,10924.24308
Middle income,2016,10422.96179
Middle income,2015,10069.58301
Middle income,2014,10000.17942
Middle income,2013,9713.091732
Middle income,2012,9282.671161
Middle income,2011,8768.656982
Moldova,2020,12941.89278
Moldova,2019,13576.29474
Moldova,2018,12658.50376
Moldova,2017,11651.31745
Moldova,2016,10610.47782
Moldova,2015,9254.848633
Moldova,2014,8827.054129
Moldova,2013,8381.671813
Moldova,2012,7363.16231
Moldova,2011,6913.602264
Mongolia,2020,12365.93848
Mongolia,2019,13013.04724
Mongolia,2018,12316.00107
Mongolia,2017,11366.30394
Mongolia,2016,10737.48613
Mongolia,2015,10648.27398
Mongolia,2014,11056.29853
Mongolia,2013,10549.89206
Mongolia,2012,10227.53027
Mongolia,2011,8912.873391
Montenegro,2020,19989.65367
Montenegro,2019,23072.58274
Montenegro,2018,21513.29975
Montenegro,2017,19682.2652
Montenegro,2016,18199.38303
Montenegro,2015,16332.84831
Montenegro,2014,15371.14255
Montenegro,2013,14870.15294
Montenegro,2012,13863.8907
Montenegro,2011,14472.48482
Morocco,2020,7368.891602
Morocco,2019,7865.262207
Morocco,2018,7624.844238
Morocco,2017,7312.056641
Morocco,2016,7113.004395
Morocco,2015,7024.962891
Morocco,2014,6609.608887
Morocco,2013,6916.013184
Morocco,2012,6702.418457
Morocco,2011,6712.323242
Mozambique,2020,1297.298716
Mozambique,2019,1335.877014
Mozambique,2018,1320.54788
Mozambique,2017,1283.65987
Mozambique,2016,1363.674953
Mozambique,2015,1291.268034
Mozambique,2014,1139.051782
Mozambique,2013,1084.98419
Mozambique,2012,1035.522437
Mozambique,2011,1023.065084
Myanmar,2020,5123.407709
Myanmar,2019,4939.747975
Myanmar,2018,4574.596178
Myanmar,2017,4224.545031
Myanmar,2016,4031.179736
Myanmar,2015,4105.443377
Myanmar,2014,4009.962562
Myanmar,2013,3782.572595
Myanmar,2012,3547.130653
Myanmar,2011,3224.50102
Namibia,2020,9358.537168
Namibia,2019,10223.21253
Namibia,2018,10328.44753
Namibia,2017,10171.4215
Namibia,2016,10427.12176
Namibia,2015,10633.29442
Namibia,2014,10467.22804
Namibia,2013,9735.532643
Namibia,2012,9341.106683
Namibia,2011,8958.932313
Nauru,2020,14337.26541
Nauru,2019,14096.62255
Nauru,2018,13960.44332
Nauru,2017,12973.82018
Nauru,2016,13641.37711
Nauru,2015,13165.99204
Nauru,2014,12673.85385
Nauru,2013,9908.098434
Nauru,2012,7508.306732
Nauru,2011,6662.389495
Nepal,2020,3996.66547
Nepal,2019,4119.584979
Nepal,2018,3863.870402
Nepal,2017,3565.197807
Nepal,2016,2989.675006
Nepal,2015,2996.220462
Nepal,2014,2947.316487
Nepal,2013,2702.224963
Nepal,2012,2505.39181
Nepal,2011,2283.18558
Netherlands,2020,59266.90858
Netherlands,2019,59004.32497
Netherlands,2018,57826.6285
Netherlands,2017,55088.6338
Netherlands,2016,52288.41508
Netherlands,2015,50288.59139
Netherlands,2014,49233.2154
Netherlands,2013,49241.51784
Netherlands,2012,47272.10302
Netherlands,2011,46599.02103
New Zealand,2020,44657.77372
New Zealand,2019,45554.8094
New Zealand,2018,42520.75442
New Zealand,2017,42218.53771
New Zealand,2016,39933.57444
New Zealand,2015,37479.68298
New Zealand,2014,37293.35679
New Zealand,2013,36242.62123
New Zealand,2012,32988.60976
New Zealand,2011,32701.3786
Nicaragua,2020,5573.868729
Nicaragua,2019,5675.564316
Nicaragua,2018,5866.5711
Nicaragua,2017,6004.02858
Nicaragua,2016,5694.054287
Nicaragua,2015,5293.870462
Nicaragua,2014,4941.699702
Nicaragua,2013,4610.298981
Nicaragua,2012,4427.946924
Nicaragua,2011,4263.177227
Niger,2020,1288.153512
Niger,2019,1276.049385
Niger,2018,1229.080091
Niger,2017,1163.22617
Niger,2016,1153.339689
Niger,2015,1145.309402
Niger,2014,1142.516865
Niger,2013,1127.348953
Niger,2012,1158.66902
Niger,2011,1068.244853
Nigeria,2020,5185.988584
Nigeria,2019,5352.241119
Nigeria,2018,5278.231321
Nigeria,2017,5190.356127
Nigeria,2016,5234.679127
Nigeria,2015,5426.332787
Nigeria,2014,5507.169495
Nigeria,2013,5225.172934
Nigeria,2012,4982.945399
Nigeria,2011,4922.702345
North America,2020,61337.15661
North America,2019,63475.50692
North America,2018,61504.08788
North America,2017,58746.95762
North America,2016,56724.76313
North America,2015,55554.45921
North America,2014,54188.06728
North America,2013,52395.7477
North America,2012,50842.1091
North America,2011,49236.05772
North Macedonia,2020,16719.6901
North Macedonia,2019,17546.41692
North Macedonia,2018,16796.27023
North Macedonia,2017,15706.44417
North Macedonia,2016,15137.99583
North Macedonia,2015,13888.29539
North Macedonia,2014,13434.84324
North Macedonia,2013,12727.33641
North Macedonia,2012,11915.68987
North Macedonia,2011,11689.90577
Norway,2020,62644.84574
Norway,2019,66799.16472
Norway,2018,69808.32941
Norway,2017,64050.75617
Norway,2016,58939.91261
Norway,2015,60368.92087
Norway,2014,65892.68928
Norway,2013,66961.2531
Norway,2012,65354.77925
Norway,2011,62076.74066
OECD members,2020,44813.24873
OECD members,2019,45977.13997
OECD members,2018,45008.45073
OECD members,2017,43335.85684
OECD members,2016,41754.47742
OECD members,2015,40394.87658
OECD members,2014,39293.97759
OECD members,2013,38187.12247
OECD members,2012,36885.07743
OECD members,2011,35912.7168
Oman,2020,31117.75771
Oman,2019,32604.34544
Oman,2018,33373.381
Oman,2017,33308.48431
Oman,2016,33187.95461
Oman,2015,35803.65721
Oman,2014,44374.88159
Oman,2013,48174.84971
Oman,2012,50848.47581
Oman,2011,49583.74381
Other small states,2020,22278.42117
Other small states,2019,23666.31938
Other small states,2018,23209.93322
Other small states,2017,22654.48685
Other small states,2016,21181.29583
Other small states,2015,21681.40585
Other small states,2014,25413.78565
Other small states,2013,25593.87775
Other small states,2012,25304.60379
Other small states,2011,24192.16834
Pacific island small states,2020,6761.861684
Pacific island small states,2019,7635.37064
Pacific island small states,2018,7581.899036
Pacific island small states,2017,7283.359765
Pacific island small states,2016,6951.434353
Pacific island small states,2015,6809.412945
Pacific island small states,2014,6403.113495
Pacific island small states,2013,5719.082201
Pacific island small states,2012,5443.07916
Pacific island small states,2011,5240.568209
Pakistan,2020,5426.019788
Pakistan,2019,5542.208851
Pakistan,2018,5420.695792
Pakistan,2017,5091.087164
Pakistan,2016,4963.526707
Pakistan,2015,4921.89157
Pakistan,2014,4770.644237
Pakistan,2013,4618.694924
Pakistan,2012,4523.142308
Pakistan,2011,4494.809312
Palau,2020,16318.67895
Palau,2019,17954.12383
Palau,2018,18069.89971
Palau,2017,17768.41105
Palau,2016,18122.12652
Palau,2015,18011.15087
Palau,2014,16620.19169
Palau,2013,15368.2501
Palau,2012,15604.97215
Palau,2011,14970.49907
Panama,2020,26780.3006
Panama,2019,32767.18697
Panama,2018,31780.59909
Panama,2017,30446.84956
Panama,2016,27828.55571
Panama,2015,25319.2167
Panama,2014,22897.40264
Panama,2013,20809.85514
Panama,2012,18679.51395
Panama,2011,16923.94652
Papua New Guinea,2020,4285.765475
Papua New Guinea,2019,4473.77725
Papua New Guinea,2018,4289.676883
Papua New Guinea,2017,4285.109475
Papua New Guinea,2016,4143.378505
Papua New Guinea,2015,3967.443954
Papua New Guinea,2014,3760.373516
Papua New Guinea,2013,3317.132905
Papua New Guinea,2012,3204.709295
Papua New Guinea,2011,3069.759742
Paraguay,2020,13034.71654
Paraguay,2019,13147.96186
Paraguay,2018,13134.16336
Paraguay,2017,12590.54844
Paraguay,2016,12041.72354
Paraguay,2015,11486.52319
Paraguay,2014,11454.42888
Paraguay,2013,11062.55873
Paraguay,2012,10018.72363
Paraguay,2011,10503.59585
Peru,2020,11908.0607
Peru,2019,13401.00669
Peru,2018,13086.79035
Peru,2017,12506.52938
Peru,2016,12013.37739
Peru,2015,11572.32079
Peru,2014,11510.27888
Peru,2013,11295.96326
Peru,2012,10767.67733
Peru,2011,10476.79633
Philippines,2020,8394.242258
Philippines,2019,9290.966062
Philippines,2018,8719.587979
Philippines,2017,8120.868793
Philippines,2016,7703.762275
Philippines,2015,7186.76928
Philippines,2014,6960.900716
Philippines,2013,6614.683524
Philippines,2012,6296.827614
Philippines,2011,5865.343551
Poland,2020,34286.98508
Poland,2019,33797.76736
Poland,2018,31953.03503
Poland,2017,30064.50348
Poland,2016,28322.10698
Poland,2015,26862.05252
Poland,2014,25475.50469
Poland,2013,24567.50617
Poland,2012,23745.6978
Poland,2011,22827.69814
Portugal,2020,34177.08571
Portugal,2019,36172.07254
Portugal,2018,34928.54353
Portugal,2017,33044.71674
Portugal,2016,31607.75424
Portugal,2015,29660.89607
Portugal,2014,28742.44038
Portugal,2013,27936.03966
Portugal,2012,26438.0163
Portugal,2011,26769.51189
Post-demographic dividend,2020,49487.60124
Post-demographic dividend,2019,50840.01474
Post-demographic dividend,2018,49529.19745
Post-demographic dividend,2017,47523.30488
Post-demographic dividend,2016,45713.30004
Post-demographic dividend,2015,44219.20952
Post-demographic dividend,2014,43126.49242
Post-demographic dividend,2013,42021.81331
Post-demographic dividend,2012,40540.78925
Post-demographic dividend,2011,39486.38528
Pre-demographic dividend,2020,3560.045525
Pre-demographic dividend,2019,3702.335622
Pre-demographic dividend,2018,3619.697082
Pre-demographic dividend,2017,3537.892294
Pre-demographic dividend,2016,3449.21789
Pre-demographic dividend,2015,3456.643528
Pre-demographic dividend,2014,3642.65306
Pre-demographic dividend,2013,3553.353242
Pre-demographic dividend,2012,3410.149155
Pre-demographic dividend,2011,3349.392826
Puerto Rico,2020,34333.74725
Puerto Rico,2019,36273.87183
Puerto Rico,2018,35118.78277
Puerto Rico,2017,34363.75463
Puerto Rico,2016,34346.86733
Puerto Rico,2015,34016.02235
Puerto Rico,2014,33682.85003
Puerto Rico,2013,33172.67126
Puerto Rico,2012,32582.62241
Puerto Rico,2011,31824.15484
Qatar,2020,89961.43323
Qatar,2019,93844.06063
Qatar,2018,93143.34557
Qatar,2017,91738.75279
Qatar,2016,83102.35049
Qatar,2015,92968.2321
Qatar,2014,129068.5789
Qatar,2013,138229.769
Qatar,2012,141634.7038
Qatar,2011,139358.9653
Romania,2020,32202.20866
Romania,2019,31867.26319
Romania,2018,29342.04115
Romania,2017,27141.90093
Romania,2016,24271.47002
Romania,2015,21605.83562
Romania,2014,20657.67329
Romania,2013,19781.92571
Romania,2012,18869.56897
Romania,2011,17896.27586
Russia,2020,29916.01367
Russia,2019,30067.74023
Russia,2018,28821.26172
Russia,2017,25926.44336
Russia,2016,24128.08594
Russia,2015,24085.32422
Russia,2014,25761.64844
Russia,2013,26073.875
Russia,2012,24303.47266
Russia,2011,22798.67383
Rwanda,2020,2213.568598
Rwanda,2019,2321.526953
Rwanda,2018,2138.649927
Rwanda,2017,1975.248661
Rwanda,2016,1882.457397
Rwanda,2015,1804.62951
Rwanda,2014,1706.753166
Rwanda,2013,1543.347604
Rwanda,2012,1488.74193
Rwanda,2011,1450.651467
SÃ£o TomÃ© and Principe,2020,4273.49342
SÃ£o TomÃ© and Principe,2019,4174.385425
SÃ£o TomÃ© and Principe,2018,4088.678661
SÃ£o TomÃ© and Principe,2017,3952.945394
SÃ£o TomÃ© and Principe,2016,3889.527518
SÃ£o TomÃ© and Principe,2015,3837.492528
SÃ£o TomÃ© and Principe,2014,3817.190316
SÃ£o TomÃ© and Principe,2013,3319.07533
SÃ£o TomÃ© and Principe,2012,2954.735997
SÃ£o TomÃ© and Principe,2011,2997.201274
Samoa,2020,6764.559991
Samoa,2019,6907.563708
Samoa,2018,6533.415934
Samoa,2017,6486.108339
Samoa,2016,6326.124061
Samoa,2015,5823.459624
Samoa,2014,5565.32956
Samoa,2013,5503.501544
Samoa,2012,5478.035889
Samoa,2011,5655.137334
San Marino,2020,59571.9068
San Marino,2019,63192.05517
San Marino,2018,60969.1659
San Marino,2017,58867.01326
San Marino,2016,57455.56217
San Marino,2015,55614.62185
San Marino,2014,55432.06994
San Marino,2013,53465.09402
San Marino,2012,54450.48403
San Marino,2011,57954.42968
Saudi Arabia,2020,46778.29837
Saudi Arabia,2019,48983.55126
Saudi Arabia,2018,48767.83655
Saudi Arabia,2017,47306.21202
Saudi Arabia,2016,45484.44835
Saudi Arabia,2015,48611.11934
Saudi Arabia,2014,55726.10231
Saudi Arabia,2013,55908.24993
Saudi Arabia,2012,57364.98511
Saudi Arabia,2011,56133.14419
Senegal,2020,3503.595017
Senegal,2019,3510.418402
Senegal,2018,3388.550158
Senegal,2017,3203.906368
Senegal,2016,3075.937351
Senegal,2015,2971.346817
Senegal,2014,2830.697309
Senegal,2013,2742.420736
Senegal,2012,2739.419
Senegal,2011,2669.517086
Serbia,2020,19093.95531
Serbia,2019,18822.36077
Serbia,2018,17717.9058
Serbia,2017,16611.02374
Serbia,2016,15858.09627
Serbia,2015,14928.46704
Serbia,2014,14659.57951
Serbia,2013,14629.0068
Serbia,2012,13933.84462
Serbia,2011,13746.92502
Seychelles,2020,28338.97714
Seychelles,2019,30605.37964
Seychelles,2018,29427.16472
Seychelles,2017,28116.71049
Seychelles,2016,26824.75405
Seychelles,2015,24739.96499
Seychelles,2014,24682.86364
Seychelles,2013,22369.39122
Seychelles,2012,21565.038
Seychelles,2011,21922.73953
Sierra Leone,2020,1726.964157
Sierra Leone,2019,1777.158358
Sierra Leone,2018,1694.128414
Sierra Leone,2017,1633.730738
Sierra Leone,2016,1596.618799
Sierra Leone,2015,1586.689754
Sierra Leone,2014,1787.646837
Sierra Leone,2013,1746.555737
Sierra Leone,2012,1405.573377
Sierra Leone,2011,1203.210638
Singapore,2020,99681.29415
Singapore,2019,102431.3157
Singapore,2018,100686.2371
Singapore,2017,95310.33386
Singapore,2016,89436.59811
Singapore,2015,86974.74762
Singapore,2014,84423.19134
Singapore,2013,83001.7878
Singapore,2012,82064.96119
Singapore,2011,80052.3915
Sint Maarten (Dutch part),2018,35973.1825
Sint Maarten (Dutch part),2017,37914.12297
Sint Maarten (Dutch part),2016,38230.03186
Sint Maarten (Dutch part),2015,38211.83319
Sint Maarten (Dutch part),2014,38858.58146
Sint Maarten (Dutch part),2013,32478.29896
Sint Maarten (Dutch part),2012,32878.44088
Sint Maarten (Dutch part),2011,37233.96838
Slovak Republic,2020,31356.45828
Slovak Republic,2019,31966.55484
Slovak Republic,2018,31214.59257
Slovak Republic,2017,30061.55147
Slovak Republic,2016,29645.74189
Slovak Republic,2015,29964.88861
Slovak Republic,2014,28929.52636
Slovak Republic,2013,27915.43321
Slovak Republic,2012,26888.3481
Slovak Republic,2011,26145.88938
Slovenia,2020,39725.25919
Slovenia,2019,40670.87787
Slovenia,2018,38961.54435
Slovenia,2017,36507.55304
Slovenia,2016,33936.04406
Slovenia,2015,31628.24718
Slovenia,2014,30870.02367
Slovenia,2013,29973.69935
Slovenia,2012,29042.82027
Slovenia,2011,28931.38332
Small states,2020,20168.26203
Small states,2019,21475.95632
Small states,2018,21041.06063
Small states,2017,20487.74698
Small states,2016,19194.78363
Small states,2015,19573.84974
Small states,2014,22368.95907
Small states,2013,22412.31078
Small states,2012,22104.59272
Small states,2011,21244.06187
Solomon Islands,2020,2618.323702
Solomon Islands,2019,2772.800833
Solomon Islands,2018,2761.599595
Solomon Islands,2017,2663.492004
Solomon Islands,2016,2547.684708
Solomon Islands,2015,2446.88543
Solomon Islands,2014,2454.119063
Solomon Islands,2013,2449.761398
Solomon Islands,2012,2348.475664
Solomon Islands,2011,2323.935236
Somalia,2020,1245.642283
Somalia,2019,1236.524544
Somalia,2018,1156.516094
Somalia,2017,1079.112443
Somalia,2016,1135.542998
Somalia,2015,1082.885879
Somalia,2014,931.0427211
Somalia,2013,811.0357469
South Africa,2020,13359.48433
South Africa,2019,14288.58989
South Africa,2018,14207.43285
South Africa,2017,13860.27017
South Africa,2016,13748.46142
South Africa,2015,13701.94539
South Africa,2014,13602.10264
South Africa,2013,13606.9429
South Africa,2012,13215.70868
South Africa,2011,13393.76689
South Asia,2020,6297.758877
South Asia,2019,6638.476503
South Asia,2018,6349.493853
South Asia,2017,5899.629315
South Asia,2016,5589.978381
South Asia,2015,5205.508334
South Asia,2014,4994.477114
South Asia,2013,4815.497708
South Asia,2012,4628.273459
South Asia,2011,4297.575351
South Asia (IDA & IBRD),2020,6297.758877
South Asia (IDA & IBRD),2019,6638.476503
South Asia (IDA & IBRD),2018,6349.493853
South Asia (IDA & IBRD),2017,5899.629315
South Asia (IDA & IBRD),2016,5589.978381
South Asia (IDA & IBRD),2015,5205.508334
South Asia (IDA & IBRD),2014,4994.477114
South Asia (IDA & IBRD),2013,4815.497708
South Asia (IDA & IBRD),2012,4628.273459
South Asia (IDA & IBRD),2011,4297.575351
South Sudan,2015,1234.725576
South Sudan,2014,1495.509754
South Sudan,2013,2099.236859
South Sudan,2012,1519.142314
South Sudan,2011,2844.516996
Spain,2020,37756.351
Spain,2019,41695.14695
Spain,2018,40696.38768
Spain,2017,39528.92539
Spain,2016,37286.21343
Spain,2015,34903.12748
Spain,2014,33525.74063
Spain,2013,32434.0032
Spain,2012,31720.12
Spain,2011,31867.97324
Sri Lanka,2020,13226.73006
Sri Lanka,2019,13631.5552
Sri Lanka,2018,13167.5553
Sri Lanka,2017,12584.10479
Sri Lanka,2016,12224.21577
Sri Lanka,2015,11557.48705
Sri Lanka,2014,11256.85605
Sri Lanka,2013,10852.06404
Sri Lanka,2012,10315.18025
Sri Lanka,2011,9007.734199
St. Kitts and Nevis,2020,25639.2396
St. Kitts and Nevis,2019,29799.65241
St. Kitts and Nevis,2018,28144.99274
St. Kitts and Nevis,2017,26980.32456
St. Kitts and Nevis,2016,25894.88178
St. Kitts and Nevis,2015,24834.99303
St. Kitts and Nevis,2014,24929.91331
St. Kitts and Nevis,2013,23092.6273
St. Kitts and Nevis,2012,22182.3807
St. Kitts and Nevis,2011,23280.99167
St. Lucia,2020,12708.79451
St. Lucia,2019,15842.41865
St. Lucia,2018,15651.47003
St. Lucia,2017,14928.39607
St. Lucia,2016,14292.08159
St. Lucia,2015,13551.34523
St. Lucia,2014,13760.25078
St. Lucia,2013,13489.69609
St. Lucia,2012,13079.77252
St. Lucia,2011,13256.92641
St. Vincent and the Grenadines,2020,13402.57954
St. Vincent and the Grenadines,2019,14030.76555
St. Vincent and the Grenadines,2018,13776.44942
St. Vincent and the Grenadines,2017,13102.13049
St. Vincent and the Grenadines,2016,13097.36131
St. Vincent and the Grenadines,2015,12123.42265
St. Vincent and the Grenadines,2014,11980.56636
St. Vincent and the Grenadines,2013,11568.37898
St. Vincent and the Grenadines,2012,11017.0289
St. Vincent and the Grenadines,2011,10876.46186
Sub-Saharan Africa,2020,3894.153909
Sub-Saharan Africa,2019,4024.566997
Sub-Saharan Africa,2018,3950.325982
Sub-Saharan Africa,2017,3849.819301
Sub-Saharan Africa,2016,3805.08053
Sub-Saharan Africa,2015,3777.614696
Sub-Saharan Africa,2014,3788.050986
Sub-Saharan Africa,2013,3626.755129
Sub-Saharan Africa,2012,3453.195811
Sub-Saharan Africa,2011,3464.69055
Sub-Saharan Africa (excluding high income),2020,3892.035464
Sub-Saharan Africa (excluding high income),2019,4022.222217
Sub-Saharan Africa (excluding high income),2018,3948.03933
Sub-Saharan Africa (excluding high income),2017,3847.60412
Sub-Saharan Africa (excluding high income),2016,3802.948907
Sub-Saharan Africa (excluding high income),2015,3775.64796
Sub-Saharan Africa (excluding high income),2014,3786.081384
Sub-Saharan Africa (excluding high income),2013,3624.967997
Sub-Saharan Africa (excluding high income),2012,3451.45346
Sub-Saharan Africa (excluding high income),2011,3462.883338
Sub-Saharan Africa (IDA & IBRD),2020,3894.153909
Sub-Saharan Africa (IDA & IBRD),2019,4024.566997
Sub-Saharan Africa (IDA & IBRD),2018,3950.325982
Sub-Saharan Africa (IDA & IBRD),2017,3849.819301
Sub-Saharan Africa (IDA & IBRD),2016,3805.08053
Sub-Saharan Africa (IDA & IBRD),2015,3777.614696
Sub-Saharan Africa (IDA & IBRD),2014,3788.050986
Sub-Saharan Africa (IDA & IBRD),2013,3626.755129
Sub-Saharan Africa (IDA & IBRD),2012,3453.195811
Sub-Saharan Africa (IDA & IBRD),2011,3464.69055
Sudan,2020,4142.11084
Sudan,2019,4349.709961
Sudan,2018,4474.155762
Sudan,2017,4598.850098
Sudan,2016,4757.057129
Sudan,2015,4434.475098
Sudan,2014,4427.44873
Sudan,2013,3838.360107
Sudan,2012,3805.895752
Sudan,2011,4216.373535
Suriname,2020,16733.38268
Suriname,2019,19840.18306
Suriname,2018,19459.7015
Suriname,2017,18283.68839
Suriname,2016,15062.44129
Suriname,2015,17210.27034
Suriname,2014,17261.07558
Suriname,2013,16815.11043
Suriname,2012,15785.12357
Suriname,2011,14475.07261
Sweden,2020,55064.88501
Sweden,2019,54598.78035
Sweden,2018,53521.63064
Sweden,2017,51947.95425
Sweden,2016,50430.25282
Sweden,2015,49103.13343
Sweden,2014,47184.66913
Sweden,2013,46312.39238
Sweden,2012,45432.43197
Sweden,2011,44608.58026
Switzerland,2020,71745.2994
Switzerland,2019,72033.92944
Switzerland,2018,71660.20684
Switzerland,2017,69103.57026
Switzerland,2016,68105.15498
Switzerland,2015,66020.20434
Switzerland,2014,64103.01045
Switzerland,2013,62225.08727
Switzerland,2012,59933.59868
Switzerland,2011,57987.50203
TÃ¼rkiye,2020,27235.42583
TÃ¼rkiye,2019,26867.47031
TÃ¼rkiye,2018,27960.98028
TÃ¼rkiye,2017,27913.81872
TÃ¼rkiye,2016,26512.01695
TÃ¼rkiye,2015,25753.39051
TÃ¼rkiye,2014,24090.23604
TÃ¼rkiye,2013,22438.71425
TÃ¼rkiye,2012,20772.49895
TÃ¼rkiye,2011,19799.11568
Tajikistan,2020,3854.190435
Tajikistan,2019,3732.561094
Tajikistan,2018,3496.891341
Tajikistan,2017,3252.932655
Tajikistan,2016,3114.895558
Tajikistan,2015,3150.427114
Tajikistan,2014,3303.098197
Tajikistan,2013,3027.814126
Tajikistan,2012,2750.355063
Tajikistan,2011,2496.582204
Tanzania,2020,2779.683594
Tanzania,2019,2772.928467
Tanzania,2018,2652.081299
Tanzania,2017,2530.603271
Tanzania,2016,2479.333984
Tanzania,2015,2348.443604
Tanzania,2014,2243.592529
Tanzania,2013,2194.884766
Tanzania,2012,2099.429688
Tanzania,2011,2228.696533
Thailand,2020,18197.94241
Thailand,2019,19216.84294
Thailand,2018,18533.96473
Thailand,2017,17422.95235
Thailand,2016,16616.195
Thailand,2015,15822.37099
Thailand,2014,15480.21079
Thailand,2013,15407.6654
Thailand,2012,14870.97555
Thailand,2011,13519.12902
The Bahamas,2020,29064.7595
The Bahamas,2019,38063.81604
The Bahamas,2018,37065.53445
The Bahamas,2017,35911.65435
The Bahamas,2016,33886.11673
The Bahamas,2015,33855.50499
The Bahamas,2014,33347.17523
The Bahamas,2013,31856.12193
The Bahamas,2012,32216.6978
The Bahamas,2011,31522.02023
The Gambia,2020,2276.650708
The Gambia,2019,2320.305837
The Gambia,2018,2209.634266
The Gambia,2017,2072.646833
The Gambia,2016,2068.747801
The Gambia,2015,2066.859359
The Gambia,2014,2027.036356
The Gambia,2013,2121.489633
The Gambia,2012,2199.77775
The Gambia,2011,2215.757104
Timor-Leste,2020,4140.95507
Timor-Leste,2019,3779.735417
Timor-Leste,2018,3168.048885
Timor-Leste,2017,3177.485137
Timor-Leste,2016,3130.590713
Timor-Leste,2015,2912.736381
Timor-Leste,2014,2721.041968
Timor-Leste,2013,2483.175269
Timor-Leste,2012,2345.545339
Timor-Leste,2011,2060.247771
Togo,2020,2223.316956
Togo,2019,2211.453835
Togo,2018,2110.579674
Togo,2017,2012.240693
Togo,2016,1954.203573
Togo,2015,1397.332402
Togo,2014,1328.380291
Togo,2013,1275.325318
Togo,2012,1227.156159
Togo,2011,1210.142847
Tonga,2020,6693.785641
Tonga,2019,6646.509196
Tonga,2018,6563.660366
Tonga,2017,6466.340669
Tonga,2016,6194.008836
Tonga,2015,5775.149996
Tonga,2014,5638.11335
Tonga,2013,5385.390431
Tonga,2012,5226.525662
Tonga,2011,5048.277062
Trinidad and Tobago,2020,26125.15329
Trinidad and Tobago,2019,27959.52908
Trinidad and Tobago,2018,27616.8942
Trinidad and Tobago,2017,27277.87832
Trinidad and Tobago,2016,26374.64098
Trinidad and Tobago,2015,27651.72817
Trinidad and Tobago,2014,29727.2398
Trinidad and Tobago,2013,30088.48642
Trinidad and Tobago,2012,30084.91906
Trinidad and Tobago,2011,30887.9828
Tunisia,2020,10878.82319
Tunisia,2019,11902.86201
Tunisia,2018,11670.32794
Tunisia,2017,11234.49842
Tunisia,2016,10993.58555
Tunisia,2015,10825.1015
Tunisia,2014,11024.75012
Tunisia,2013,10769.9831
Tunisia,2012,10731.35653
Tunisia,2011,10576.05361
Turkmenistan,2019,16194.21262
Turkmenistan,2018,15200.00155
Turkmenistan,2017,14205.02651
Turkmenistan,2016,13862.27557
Turkmenistan,2015,13690.61411
Turkmenistan,2014,13490.99704
Turkmenistan,2013,12739.17958
Turkmenistan,2012,12057.18224
Turkmenistan,2011,11294.96808
Turks and Caicos Islands,2020,22283.97785
Turks and Caicos Islands,2019,30485.60747
Turks and Caicos Islands,2018,28833.656
Turks and Caicos Islands,2017,27060.58966
Turks and Caicos Islands,2016,26353.17023
Turks and Caicos Islands,2015,24098.85066
Turks and Caicos Islands,2014,22029.96123
Turks and Caicos Islands,2013,20119.53195
Turks and Caicos Islands,2012,19374.07813
Turks and Caicos Islands,2011,21235.74296
Tuvalu,2020,4791.679265
Tuvalu,2019,4718.773043
Tuvalu,2018,4127.044661
Tuvalu,2017,4010.050723
Tuvalu,2016,3912.103971
Tuvalu,2015,3709.714506
Tuvalu,2014,3364.655664
Tuvalu,2013,3340.645965
Tuvalu,2012,3177.110241
Tuvalu,2011,3221.95636
Uganda,2020,2294.147984
Uganda,2019,2275.02815
Uganda,2018,2175.55372
Uganda,2017,2074.652436
Uganda,2016,2092.475566
Uganda,2015,2128.744955
Uganda,2014,2088.407331
Uganda,2013,2014.274961
Uganda,2012,2013.880711
Uganda,2011,2259.442889
Ukraine,2020,13087.30957
Ukraine,2019,13345.38281
Ukraine,2018,12631.65723
Ukraine,2017,11860.56055
Ukraine,2016,11148.19629
Ukraine,2015,10164.32715
Ukraine,2014,10743.58594
Ukraine,2013,11111.05176
Ukraine,2012,9705.358398
Ukraine,2011,9246.769531
United Arab Emirates,2020,66766.05393
United Arab Emirates,2019,71144.71598
United Arab Emirates,2018,68568.09928
United Arab Emirates,2017,67183.60531
United Arab Emirates,2016,63968.90441
United Arab Emirates,2015,64901.85949
United Arab Emirates,2014,73619.06428
United Arab Emirates,2013,70374.23037
United Arab Emirates,2012,69102.48573
United Arab Emirates,2011,67686.39061
United Kingdom,2020,46526.91187
United Kingdom,2019,49041.46355
United Kingdom,2018,47573.48802
United Kingdom,2017,46372.3866
United Kingdom,2016,44635.29956
United Kingdom,2015,42912.87509
United Kingdom,2014,41580.60249
United Kingdom,2013,40218.74726
United Kingdom,2012,38514.02617
United Kingdom,2011,37379.29097
United States,2020,63027.67953
United States,2019,65094.79943
United States,2018,62805.25376
United States,2017,59914.7778
United States,2016,57866.74493
United States,2015,56762.72945
United States,2014,55123.84979
United States,2013,53291.12769
United States,2012,51784.41857
United States,2011,50065.9665
Upper middle income,2020,17992.6421
Upper middle income,2019,18017.14379
Upper middle income,2018,17209.92973
Upper middle income,2017,16118.81992
Upper middle income,2016,15309.98485
Upper middle income,2015,14858.45515
Upper middle income,2014,14784.62955
Upper middle income,2013,14309.0527
Upper middle income,2012,13578.42073
Upper middle income,2011,12757.30776
Uruguay,2020,22728.21533
Uruguay,2019,24004.82114
Uruguay,2018,23585.39404
Uruguay,2017,23009.87423
Uruguay,2016,22454.39483
Uruguay,2015,20217.56044
Uruguay,2014,20093.62407
Uruguay,2013,19130.0614
Uruguay,2012,18192.3297
Uruguay,2011,18002.89383
Uzbekistan,2020,7746.430969
Uzbekistan,2019,7658.27241
Uzbekistan,2018,7252.137355
Uzbekistan,2017,6840.70986
Uzbekistan,2016,6796.904892
Uzbekistan,2015,6680.184701
Uzbekistan,2014,6494.859941
Uzbekistan,2013,6302.647244
Uzbekistan,2012,6061.947154
Uzbekistan,2011,5844.807562
Vanuatu,2020,3036.116767
Vanuatu,2019,3248.129217
Vanuatu,2018,3166.980897
Vanuatu,2017,3081.461777
Vanuatu,2016,2917.733303
Vanuatu,2015,2832.659016
Vanuatu,2014,2870.876903
Vanuatu,2013,2809.958397
Vanuatu,2012,2827.294497
Vanuatu,2011,2825.155406
Venezuela,2011,17527.74874
Vietnam,2020,10904.45215
Vietnam,2019,10561.97128
Vietnam,2018,9776.8195
Vietnam,2017,8996.378103
Vietnam,2016,8232.254094
Vietnam,2015,7555.845811
Vietnam,2014,7202.924215
Vietnam,2013,6688.774305
Vietnam,2012,6329.555554
Vietnam,2011,5759.911338
West Bank and Gaza,2020,5698.412057
West Bank and Gaza,2019,6509.035299
West Bank and Gaza,2018,6469.152794
West Bank and Gaza,2017,6401.740891
West Bank and Gaza,2016,6305.391803
West Bank and Gaza,2015,5954.400784
West Bank and Gaza,2014,5510.13293
West Bank and Gaza,2013,5371.6871
West Bank and Gaza,2012,5255.825609
West Bank and Gaza,2011,4494.731323
World,2020,17223.97552
World,2019,17627.65986
World,2018,17081.43786
World,2017,16275.97747
World,2016,15632.34581
World,2015,15185.40526
World,2014,15049.04732
World,2013,14680.93102
World,2012,14165.82615
World,2011,13637.51105
Yemen,2013,3688.519409
Yemen,2012,3491.20461
Yemen,2011,3607.090566
Zambia,2020,3457.328102
Zambia,2019,3616.903819
Zambia,2018,3605.676095
Zambia,2017,3485.02178
Zambia,2016,3404.67399
Zambia,2015,3430.400287
Zambia,2014,3539.43639
Zambia,2013,3578.847055
Zambia,2012,3422.619937
Zambia,2011,3323.937623
Zimbabwe,2020,2251.455674
Zimbabwe,2019,2408.154197
Zimbabwe,2018,2556.793484
Zimbabwe,2017,2416.049969
Zimbabwe,2016,2806.469032
Zimbabwe,2015,2679.507615
Zimbabwe,2014,2612.455954
Zimbabwe,2013,2560.773267
Zimbabwe,2012,2375.927006
Zimbabwe,2011,2101.824051
