Average of Population,Column Labels,,,,,,,,,,,,,,,,,,,,,,,,,,,,,,,,,,,,,,,,,,,,,,,,,,,,,,,,,,,,,,,,,,,,,,,,,,,,,,,,,,,,,,,,,,,,,,,,,,,,,,,,,,,,,,,,,,,,,,,,,,,,,,,,,,,,,,,,,,,,,,,,,,,,,,,,,,,,,,,,,,,,,,,,,,,,,,,,,,,,,,,,,,,,,,,,,,,,,,,,,,,,,,,,,,,,,,,,,,,,,,,,,,,,,,,,,,,,,,,,,,,,,,,,,,,,,,,,,,,,,,,,,,,,,,,,,,,,,,,,,,,,
Row Labels,Afghanistan,Africa,Albania,Algeria,American Samoa,Andorra,Angola,Anguilla,Antigua and Barbuda,Argentina,Armenia,Aruba,Asia,Australia,Australia/New Zealand,Austria,Azerbaijan,Bahamas,Bahrain,Bangladesh,Barbados,Belarus,Belgium,Belize,Benin,Bermuda,Bhutan,Bolivia (Plurinational State of),"Bonaire, Sint Eustatius and Saba",Bosnia and Herzegovina,Botswana,Brazil,British Virgin Islands,Brunei Darussalam,Bulgaria,Burkina Faso,Burundi,Cabo Verde,CÃ´te d'Ivoire,Cambodia,Cameroon,Canada,Caribbean,Cayman Islands,Central African Republic,Central America,Central and Southern Asia,Central Asia,Chad,Chile,China,"China, Hong Kong SAR","China, Macao SAR",Colombia,Comoros,Congo,Cook Islands,Costa Rica,Croatia,Cuba,CuraÃ§ao,Cyprus,Czechia,Dem. People's Republic of Korea,Democratic Republic of the Congo,Denmark,Djibouti,Dominica,Dominican Republic,Eastern Africa,Eastern and South-Eastern Asia,Eastern Asia,Eastern Europe,Ecuador,Egypt,El Salvador,Equatorial Guinea,Eritrea,Estonia,Eswatini,Ethiopia,Europe,Europe and Northern America,Falkland Islands (Malvinas),Faroe Islands,Fiji,Finland,France,French Guiana,French Polynesia,Gabon,Gambia,Georgia,Germany,Ghana,Gibraltar,Greece,Greenland,Grenada,Guadeloupe,Guam,Guatemala,Guernsey,Guinea,Guinea-Bissau,Guyana,Haiti,High-income countries,Holy See,Honduras,Hungary,Iceland,India,Indonesia,Iran (Islamic Republic of),Iraq,Ireland,Isle of Man,Israel,Italy,Jamaica,Japan,Jersey,Jordan,Kazakhstan,Kenya,Kiribati,Kosovo (under UNSC res. 1244),Kuwait,Kyrgyzstan,Land-locked Developing Countries (LLDC),Lao People's Democratic Republic,Latin America and the Caribbean,Latvia,Least developed countries,Lebanon,Lesotho,Less developed regions,"Less developed regions, excluding China","Less developed regions, excluding least developed countries",Liberia,Libya,Liechtenstein,Lithuania,Lower-middle-income countries,Low-income countries,Luxembourg,Madagascar,Malawi,Malaysia,Maldives,Mali,Malta,Marshall Islands,Martinique,Mauritania,Mauritius,Mayotte,Melanesia,Mexico,Micronesia,Micronesia (Fed. States of),Middle Africa,Middle-income countries,Monaco,Mongolia,Montenegro,Montserrat,More developed regions,Morocco,Mozambique,Myanmar,Namibia,Nauru,Nepal,Netherlands,New Caledonia,New Zealand,Nicaragua,Niger,Nigeria,Niue,No income group available,North Macedonia,Northern Africa,Northern Africa and Western Asia,Northern America,Northern Europe,Northern Mariana Islands,Norway,Oceania,Oceania (excluding Australia and New Zealand),Oman,Other non-specified areas,Pakistan,Palau,Panama,Papua New Guinea,Paraguay,Peru,Philippines,Poland,Polynesia,Portugal,Puerto Rico,Qatar,RÃ©union,Republic of Korea,Republic of Moldova,Romania,Russian Federation,Rwanda,Saint BarthÃ©lemy,Saint Helena,Saint Kitts and Nevis,Saint Lucia,Saint Martin (French part),Saint Pierre and Miquelon,Saint Vincent and the Grenadines,Samoa,San Marino,Sao Tome and Principe,Saudi Arabia,Senegal,Serbia,Seychelles,Sierra Leone,Singapore,Sint Maarten (Dutch part),Slovakia,Slovenia,Small Island Developing States (SIDS),Solomon Islands,Somalia,South Africa,South America,South Sudan,South-Eastern Asia,Southern Africa,Southern Asia,Southern Europe,Spain,Sri Lanka,State of Palestine,Sub-Saharan Africa,Sudan,Suriname,Sweden,Switzerland,Syrian Arab Republic,TÃ¼rkiye,Tajikistan,Thailand,Timor-Leste,Togo,Tokelau,Tonga,Trinidad and Tobago,Tunisia,Turkmenistan,Turks and Caicos Islands,Tuvalu,Uganda,Ukraine,United Arab Emirates,United Kingdom,United Republic of Tanzania,United States of America,United States Virgin Islands,Upper-middle-income countries,Uruguay,Uzbekistan,Vanuatu,Venezuela (Bolivarian Republic of),Viet Nam,Wallis and Futuna Islands,Western Africa,Western Asia,Western Europe,Western Sahara,World,Yemen,Zambia,Zimbabwe,Grand Total
2087,120351.4417,3871909.475,1733.7306,70667.74693,28.04053333,63.96946667,133015.4339,11.5792,87.29233333,51651.95007,2047.077933,72.91526667,5151121.62,35096.2074,41190.06407,8035.459133,9561.421533,425.5645333,1920.109933,204929.5415,230.9272,6978.4614,11548.74953,585.1324667,43147.3876,43.08206667,771.2778,19476.7332,27.7632,2088.790667,4341.749467,206959.5353,31.353,455.2414667,3650.531267,65091.54533,40677.60713,745.3510667,82660.43987,21612.05193,83155.66893,49100.02693,45936.34187,72.9554,21687.8098,208435.9791,2755026.055,127792.8333,71636.4774,18700.22827,965490.8932,5364.068,921.8338,52368.12787,1654.4414,16295.93987,18.76906667,5132.3596,2555.3536,7762.418667,198.4847333,1307.107667,10490.48347,23176.4906,449497.718,6723.970733,1741.744,63.9966,13733.59927,1318434.252,1927459.63,1129763.494,214920.7841,23528.1686,204248.0736,5874.712467,4234.6006,8921.0774,962.1611333,2015.246333,326642.6747,612647.2615,1043452.885,3.1238,68.30273333,1173.578533,5103.679133,62795.1846,818.7924667,323.4604,5249.720067,7288.427667,2926.852333,70309.39547,71543.78387,27.5142,7253.119333,48.4048,132.6637333,364.0196,209.1960667,28254.38447,60.36266667,35388.0606,4885.375,831.7705333,17394.99173,1201102.631,0.986933333,16235.5292,7382.967,392.4116667,1663329.213,320044.8229,89435.2186,108387.899,5747.4592,84.1188,17254.18113,40796.3042,1649.734067,81630.005,144.9630667,18742.77167,32788.4394,114297.6065,243.8135333,1364.822133,4769.034133,12046.0432,1454573.115,10811.96907,723132.1469,1137.107667,3005412.826,5559.658667,3271.573067,9673097.246,8679056.019,6680889.837,13378.92073,9222.869467,40.46726667,1739.513933,5210854.134,2247845.798,806.7902667,79716.92527,58497.306,41654.29387,527.4187333,94408.1554,423.7127333,57.14653333,278.951,14803.3876,1004.8696,1200.4118,23426.49867,136464.3639,728.8162667,145.1038667,768936.5934,7375257.988,44.18233333,5400.345867,503.7598667,3.0488,1166042.411,47873.7586,107827.7376,58551.4394,4969.166667,16.6996,39127.69553,16974.71607,374.776,6105.6024,10122.88333,164571.3743,596617.0405,2.359333333,39036.26087,1461.256933,481634.3383,950634.2113,430938.6231,111410.7631,47.64293333,6709.637533,66239.3396,25143.35047,7505.4456,17078.02813,500062.8711,15.891,6424.053933,19122.73147,9449.287533,45184.64093,189266.6806,26694.05533,1011.563667,7561.4242,1856.216533,3725.998667,1191.660267,31098.83407,2634.439067,14460.55013,114419.789,33348.0246,6.785,3.139333333,40.99346667,145.3187333,35.5162,4.111066667,88.32506667,461.0022,26.60306667,542.4992667,51906.9838,55495.5314,4165.050333,114.0706667,18697.378,5424.495667,31.38493333,4192.730267,1729.563,91655.388,1903.673,70879.7626,77863.33867,469447.9681,26175.64893,799823.4349,92269.05153,2626735.711,106529.1891,34692.75827,19348.91367,12992.18407,3391871.49,137377.0005,771.3652667,12491.0868,9735.554933,44853.46933,93162.01007,20674.51167,53251.14573,2157.7126,24768.61787,2.931133333,153.6154,1246.4044,14445.25607,9463.323067,52.78853333,15.53786667,143932.4675,24091.24353,12187.2196,70066.20427,231741.5069,381979.9718,59.25166667,2162274.936,2902.826267,53759.55193,925.8257333,37949.27787,100545.735,11.29813333,1258456.495,472213.2855,180084.3195,1014.6082,10835446.69,77751.95573,62009.83873,36205.4224,360256.0479
2088,121693.5347,3914354.219,1709.272133,70869.37467,27.71713333,63.68213333,135133.4688,11.49686667,86.8852,51559.00307,2030.965733,72.3706,5141851.706,35165.213,41260.57107,8021.738333,9519.743,424.5862,1925.550333,204238.2259,229.944,6954.201333,11539.26793,584.8987333,43750.06427,42.87106667,766.4260667,19520.5262,27.7928,2074.816533,4353.435333,206081.2157,31.29126667,453.7157333,3622.5556,65832.65527,41192.1364,743.4116,83637.56,21599.9694,84152.5096,49203.3396,45815.55313,73.0796,22038.00273,207762.7935,2754690.003,128335.0633,72899.4298,18621.43293,956753.7077,5336.5444,923.6132667,52128.0244,1664.074467,16470.02827,18.764,5107.377333,2538.7654,7707.365867,198.1347333,1305.8006,10512.94973,23109.41433,458451.9086,6732.564733,1745.972867,63.606,13708.83453,1332096.322,1916962.68,1120128.925,214247.0646,23496.79707,205249.7103,5827.334733,4277.975133,8994.476467,957.7556667,2021.948933,329781.8168,611049.025,1042172.023,3.1142,68.539,1173.543067,5093.6118,62729.18493,827.1304,322.1662667,5289.370067,7361.884467,2914.321667,70192.6836,72041.6252,27.4132,7216.654533,48.23466667,132.2789333,363.2212667,209.1286667,28263.6104,60.155,35703.8072,4925.562733,827.4979333,17419.918,1199705.577,0.994333333,16249.5484,7359.094467,391.5356667,1660058.382,319777.3896,89104.31913,109233.4244,5749.641467,84.20793333,17368.96167,40599.6248,1623.644,81233.4902,145.3565333,18795.98013,32996.52107,114991.8255,244.9268,1350.801867,4777.8244,12104.37653,1469603.292,10814.13033,720995.714,1131.348333,3038713.097,5557.150333,3276.7538,9703193.969,8718388.107,6678512.668,13501.47473,9224.5386,40.48233333,1731.4874,5224637.221,2275953.767,807.8896667,80557.62553,59117.29607,41591.52613,524.9184667,96192.73587,420.8997333,57.17526667,277.7347333,14984.5606,998.6036667,1217.4442,23541.50787,135855.8227,729.1359333,144.7501333,781859.9144,7378828.315,44.46226667,5420.051467,501.4420667,3.026666667,1164388.326,47852.24273,109247.1164,58444.31627,4999.5264,16.71206667,39015.16973,16949.26787,374.9849333,6106.665267,10117.9808,168616.2213,602978.079,2.360866667,39030.61127,1450.1336,484248.2977,954503.8327,431141.6933,111368.6296,47.53166667,6720.501267,66429.19153,25264.11247,7533.0112,16963.82493,502920.4089,15.87373333,6433.179267,19210.4234,9453.668533,45184.92687,189720.0765,26531.88147,1013.3936,7531.492933,1832.950067,3743.761733,1192.1832,30774.99267,2628.143,14411.044,114160.6432,33604.02267,6.7038,3.131266667,40.82986667,144.3754,35.57586667,4.0952,87.83806667,464.6366667,26.5504,547.308,51986.18727,56220.9332,4131.497933,113.9782667,18813.21553,5410.762867,31.12166667,4175.276133,1726.180533,91670.96893,1923.646067,72168.01453,77914.51553,468115.1811,26395.69587,799081.111,92361.82753,2626008.604,105972.4905,34532.2556,19229.4764,13088.8692,3432348.945,139028.0095,771.2445333,12507.4908,9747.7804,44926.13667,92907.21773,20804.70947,52885.9568,2159.317467,25062.76693,2.940666667,153.7643333,1239.908933,14436.27927,9479.754333,52.8712,15.579,145569.4168,23933.96893,12233.1924,70016.28333,235191.2647,382124.7976,58.7318,2151429.738,2885.646867,53922.0228,936.4802,37943.61,100272.5458,11.28113333,1274125.782,473648.9887,179870.179,1019.340667,10863564.69,78308.3244,62760.501,36417.61067,361322.1761
2089,123051.9997,3957922.914,1685.287133,71064.6794,27.38233333,63.40933333,137304.8559,11.41873333,86.4834,51463.72307,2015.450133,71.8302,5132579.744,35241.76833,41327.9434,8007.920067,9478.691133,423.5652,1930.973533,203538.3707,228.9623333,6930.2216,11530.69047,584.7202667,44353.86413,42.65433333,761.5375333,19569.44027,27.82446667,2060.953067,4363.798133,205271.6595,31.23373333,452.3324667,3595.938067,66599.64427,41714.62053,741.4311333,84603.86447,21593.2698,85150.14147,49307.57667,45696.82627,73.19993333,22394.0066,207089.1329,2754220.011,128866.2405,74233.70053,18542.25147,948143.3083,5311.129533,925.559,51890.0836,1673.771067,16652.3468,18.7584,5083.455667,2522.072267,7653.776533,197.7770667,1304.611933,10535.67493,23044.03813,467646.0259,6740.843133,1750.404067,63.22453333,13685.4548,1345929.464,1906669.687,1110751.669,213546.3619,23458.5502,206236.6351,5779.245867,4322.738133,9068.349933,953.4940667,2028.27,333005.9478,609556.9957,1040925.686,3.1032,68.78033333,1173.311333,5084.198133,62670.36207,835.5333333,320.9098667,5327.5078,7436.9642,2901.765067,70074.9644,72535.4886,27.31646667,7181.590667,48.0584,131.9057333,362.347,209.0976,28271.0956,59.95313333,36024.85067,4964.887067,823.0024667,17446.84367,1198318.351,1.000933333,16261.61807,7337.901867,390.7592,1656536.88,319544.5036,88783.52607,110070.8145,5751.646867,84.29386667,17482.2072,40415.1518,1598.2074,80855.4884,145.7556667,18846.2896,33203.32813,115665.5897,246.0524667,1336.7334,4787.4824,12163.0664,1484784.637,10813.22953,718883.5954,1125.6536,3072122.575,5554.752067,3281.800733,9733579.471,8758640.768,6676831.892,13626.94167,9226.860133,40.5004,1723.430667,5238856.314,2304561.392,809.1929333,81398.6994,59723.44933,41529.68253,522.5321333,97923.41567,418.1354,57.21186667,276.4211333,15172.23173,992.2365333,1234.407867,23661.4912,135248.8647,729.4255333,144.4204667,794861.8617,7382146.429,44.74,5438.8554,499.0431333,3.0096,1162863.565,47830.81247,110705.1309,58338.8868,5030.333,16.71306667,38904.9896,16925.94873,375.1974,6105.8252,10114.2208,172676.4429,609365.055,2.364333333,39018.0714,1439.516933,486790.5703,958353.0977,431385.5017,111336.1007,47.4112,6730.877267,66616.6496,25382.83473,7562.510067,16851.31447,505852.5553,15.85933333,6441.157067,19301.36,9457.267933,45173.16153,190178.4922,26381.48993,1015.226133,7501.815133,1809.772533,3762.747133,1192.407267,30459.01887,2621.825267,14361.7108,113922.211,33875.0652,6.624533333,3.122733333,40.67033333,143.4372667,35.63566667,4.075533333,87.37846667,468.2506667,26.4986,552.0265333,52061.71853,56971.74307,4098.621333,113.8914,18929.61,5397.4396,30.8616,4158.9614,1723.035933,91676.966,1943.580733,73470.6064,77975.72533,466832.9436,26609.40067,798340.3303,92460.52407,2624914.921,105428.9123,34375.39093,19110.04713,13183.83387,3473107.788,140669.9893,771.0998667,12522.61747,9761.738467,45001.90073,92659.12227,20937.71213,52525.75087,2161.182867,25368.44207,2.9484,153.9532,1233.483533,14425.6868,9495.248667,52.96493333,15.62346667,147223.5871,23784.30927,12281.27547,69974.70093,238704.2419,382220.4997,58.21973333,2140619.528,2868.493733,54078.12753,946.9504667,37922.22687,99987.2638,11.26326667,1289737.76,475099.3533,179683.4609,1024.389267,10893098.51,78844.37227,63525.51827,36645.66807,362412.5664
2090,124406.823,4002107.497,1661.798267,71249.63353,27.054,63.1414,139516.1198,11.34366667,86.06993333,51345.6238,2000.213733,71.28533333,5123395.86,35320.1034,41395.28653,7993.8272,9437.4502,422.5433333,1936.5986,202842.8107,227.9754667,6906.817667,11522.31313,584.4908,44944.98253,42.43826667,756.74,19621.172,27.84786667,2047.059933,4374.025,204439.9579,31.1798,450.9056,3570.251267,67361.42333,42243.9222,739.4800667,85574.07193,21585.67827,86160.7188,49412.0622,45578.84,73.31746667,22754.5802,206418.3715,2753992.752,129404.5649,75602.5966,18464.70813,939785.6304,5287.368133,927.6073333,51658.3096,1683.493533,16841.43327,18.7504,5059.814133,2505.128267,7599.801067,197.4046667,1303.458933,10557.72207,22978.74867,476981.3511,6749.041467,1753.912267,62.83986667,13661.26267,1360044.418,1896411.206,1101428.566,212848.9954,23418.45393,207236.4708,5731.098867,4365.9028,9143.908067,949.3089333,2034.945133,336180.4554,608112.5771,1039740.712,3.091,69.01173333,1172.890133,5075.673267,62616.89127,844.0656667,319.6536,5366.555733,7514.012867,2889.0578,69972.68047,73019.12747,27.2172,7147.049733,47.88866667,131.5382667,361.4454667,209.0076,28274.49847,59.7622,36353.37493,5003.1822,818.5877333,17477.68547,1196969.302,1.006266667,16272.156,7318.0816,389.9596667,1652638.71,319239.4045,88479.94573,110959.3642,5752.769,84.3804,17596.94547,40236.67053,1573.585,80490.49307,146.1696,18894.33027,33416.228,116336.8625,247.1587333,1322.624267,4797.937267,12222.85993,1500276.194,10809.0006,716701.0769,1120.110467,3106212.549,5551.295,3287.405667,9765163.915,8799125.217,6675779.291,13757.60673,9227.348867,40.5204,1715.548867,5253089.477,2333611.584,810.7237333,82207.19733,60324.3566,41472.8768,520.3922,99620.9108,415.4532,57.27893333,275.052,15361.26667,986.1273333,1251.4812,23783.90893,134640.0279,729.6062,144.0972,807958.7337,7384920.015,45.0222,5457.3482,496.7434667,2.993266667,1161374.873,47798.31247,112193.7411,58245.01613,5060.720733,16.70533333,38794.62013,16904.6638,375.3965333,6105.354667,10111.03667,176837.0343,616076.3675,2.367666667,39002.0044,1428.985067,489454.1532,962247.9425,431652.1483,111304.9797,47.2764,6740.045733,66807.69307,25501.63647,7591.588267,16745.84973,508898.4227,15.84113333,6449.2138,19396.41347,9461.922467,45159.94547,190634.3875,26234.1332,1017.014133,7472.892933,1787.003733,3782.352867,1192.326933,30153.96007,2615.580467,14312.44507,113701.276,34145.43173,6.549533333,3.113666667,40.5092,142.5201333,35.6892,4.056333333,86.92106667,471.854,26.44226667,556.7312,52139.4546,57713.50793,4066.227333,113.8028,19043.6422,5384.337533,30.60186667,4143.174467,1719.852733,91683.9048,1963.9278,74796.45253,78021.20753,465518.7685,26819.4276,797588.8377,92553.57547,2624079.461,104895.6252,34214.894,18988.72333,13278.75987,3514167.032,142350.6378,770.8750667,12539.09913,9776.570667,45079.40413,92424.6598,21067.84027,52165.61107,2162.629,25682.5204,2.956533333,154.1278,1227.242733,14414.2682,9510.659667,53.06626667,15.66713333,148897.9089,23633.7628,12329.18127,69936.39553,242188.7225,382286.5222,57.712,2129956.029,2851.632867,54239.48313,957.3622667,37892.03873,99698.612,11.24466667,1305449.489,476493.1953,179511.2911,1029.505467,10923780.08,79380.91353,64314.00967,36872.4238,363527.9351
2091,125770.3023,4046807.894,1638.8126,71440.19273,26.74,62.8848,141729.1064,11.27413333,85.65933333,51235.12827,1984.5666,70.75073333,5114063.826,35397.17273,41470.54227,7983.519667,9395.680333,421.4656,1942.4102,202165.7083,226.9934,6883.995067,11512.3652,584.2058667,45554.33687,42.22666667,752.1431333,19670.86933,27.87426667,2033.479933,4384.754933,203595.9733,31.1354,449.4286667,3544.233667,68107.109,42783.98867,737.5787333,86534.5378,21571.62067,87176.64267,49517.93087,45457.05573,73.44373333,23124.14787,205718.3005,2753764.965,129930.9083,76964.85173,18392.46027,931624.8443,5264.096933,929.6961333,51439.2384,1692.835733,17026.0028,18.74213333,5035.479267,2488.792267,7547.099133,197.0603333,1302.576267,10579.89147,22917.25973,486287.5049,6758.089133,1757.412733,62.4476,13634.13533,1373869.39,1886324.559,1092275.045,212176.8227,23379.77133,208220.7511,5682.877133,4408.632733,9220.443267,945.2541333,2041.898667,339303.468,606699.4474,1038604.783,3.0782,69.2488,1172.706133,5067.275867,62553.87473,852.4968,318.4306667,5407.101267,7590.944933,2875.9272,69889.03753,73495.31507,27.1146,7112.4158,47.72826667,131.1976667,360.5370667,208.8572,28274.8292,59.57846667,36695.43027,5042.314533,814.2553333,17508.6506,1195676.718,1.012666667,16284.88707,7298.066133,389.1316,1648830.37,318876.2903,88177.7612,111868.0777,5753.449867,84.46206667,17709.04147,40056.9892,1549.4008,80130.58207,146.5991333,18938.28727,33625.78313,116999.6251,248.2805333,1308.45,4807.974133,12281.469,1515887.055,10805.45893,714419.9858,1114.4652,3140973.899,5546.898267,3291.798867,9796941.235,8839073.65,6674543.225,13886.82287,9226.897267,40.54053333,1708.079867,5267228.439,2362799.844,812.2266667,83012.5312,60935.3904,41420.31287,518.407,101424.9085,412.9444667,57.32146667,273.718,15550.3838,980.2210667,1269.0082,23905.33507,134025.5905,729.7451333,143.7281333,821406.5613,7388329.225,45.3068,5476.116933,494.4855333,2.976533333,1159868.293,47765.0506,113663.3343,58147.769,5090.545067,16.69793333,38678.752,16884.6596,375.6507333,6107.323267,10106.6294,181174.1441,622844.5501,2.371666667,38984.98167,1418.552667,492163.6793,966121.9919,431892.4993,111273.8825,47.1456,6750.552333,67001.26447,25626.57133,7620.769667,16649.24053,511960.3595,15.81726667,6457.620467,19492.848,9467.205,45147.38027,191166.4787,26084.06413,1018.706933,7444.7456,1764.291467,3803.015533,1192.201467,29855.841,2608.660733,14264.0164,113480.1715,34416.39727,6.4796,3.102266667,40.34573333,141.6305333,35.7432,4.040133333,86.43966667,475.499,26.384,561.5020667,52210.74007,58443.88947,4034.4802,113.7306667,19161.72993,5372.457,30.35673333,4128.1742,1716.8704,91687.06147,1984.694867,76173.5864,78073.29213,464151.749,27031.29453,796865.8192,92651.35727,2623809.9,104371.6547,34053.5758,18865.05487,13374.65567,3555589.266,144062.2977,770.7144,12556.88567,9792.5156,45153.2922,92176.58073,21192.71253,51806.9106,2163.548667,25992.98707,2.965266667,154.2637333,1221.370933,14402.6764,9525.436933,53.16846667,15.70653333,150583.8318,23485.78707,12379.36087,69894.2052,245663.6104,382386.8132,57.20366667,2119552.674,2834.7136,54402.15153,967.9623333,37859.5966,99424.43847,11.22413333,1321361.022,477868.4978,179334.4951,1034.4526,10954444.13,79934.5146,65105.38433,37082.856,364656.3011
2092,127141.2274,4092056.25,1616.265667,71629.85787,26.43353333,62.64126667,143968.5759,11.2064,85.25346667,51135.9228,1969.125,70.22646667,5104778.659,35474.6996,41549.7962,7975.089267,9355.6998,420.4398,1948.296667,201481.6107,225.9860667,6860.85,11503.24967,583.9518667,46170.16373,42.00306667,747.7563333,19712.6138,27.91326667,2020.326267,4395.769333,202789.4911,31.0954,448.0242667,3517.7812,68866.06233,43339.7314,735.6660667,87505.21567,21559.69807,88167.18967,49621.21773,45332.23473,73.5844,23506.761,204973.454,2753446.767,130432.9262,78313.698,18322.3712,923496.5013,5242.445267,931.9209333,51229.81087,1702.2018,17202.56047,18.73426667,5010.5058,2472.946867,7496.2178,196.7831333,1302.182,10603.4546,22859.142,495399.4484,6767.3356,1761.171267,62.06333333,13608.75173,1387466.168,1876415.777,1083398.812,211538.3435,23339.47267,209174.1413,5634.857,4451.100667,9293.1234,941.4325333,2049.4542,342396.1409,605346.2917,1037506.628,3.0666,69.48446667,1172.393067,5059.3332,62482.04613,860.909,317.1830667,5445.955867,7667.576733,2862.674,69804.259,73971.83467,27.0132,7077.5872,47.5676,130.864,359.5688,208.6717333,28269.6692,59.40286667,37045.1602,5080.785867,809.7848667,17530.88313,1194471.074,1.0198,16300.59087,7278.096467,388.3556667,1644956.799,318519.5727,87869.3778,112756.2892,5753.474467,84.54813333,17819.57393,39883.34153,1525.266133,79779.45167,147.0381333,18983.12687,33821.966,117639.8727,249.3659333,1294.616933,4818.2886,12336.9386,1531709.745,10803.51533,712186.9513,1108.7116,3176298.542,5541.356933,3295.287733,9828449.698,8879172.542,6673262.387,14015.8842,9225.632267,40.56586667,1700.689867,5281578.577,2392183.327,813.7822,83810.69307,61556.09007,41380.76,516.4662667,103307.5085,410.6623333,57.3416,272.3328667,15742.8106,974.4394667,1286.713,24027.63153,133411.7991,729.9293333,143.3349333,835133.9801,7392492.957,45.58446667,5494.210667,492.1905333,2.9578,1158432.834,47729.46367,115155.6187,58047.01107,5119.876667,16.69273333,38561.86873,16866.45107,375.8838,6109.2482,10101.08193,185590.0677,630010.2103,2.375066667,38959.53607,1408.5318,494773.4856,969911.5699,432166.8353,111237.7934,47.02133333,6763.134933,67197.23833,25753.41033,7651.35,16558.43927,514918.8173,15.7976,6465.1084,19594.9282,9469.614133,45130.70393,191757.6819,25936.81173,1020.2958,7415.381733,1741.573333,3825.3424,1192.105267,29568.65187,2601.2464,14215.9814,113244.9617,34687.02927,6.414666667,3.0932,40.189,140.7670667,35.79986667,4.0262,85.97953333,479.0555333,26.3222,566.1154,52279.3452,59187.4722,4002.5764,113.6699333,19282.5364,5360.946067,30.12346667,4113.8252,1714.184133,91698.13313,2005.5434,77585.59907,78154.1402,462781.308,27259.848,796114.4953,92769.4504,2623100.931,103848.3211,33894.03427,18741.50347,13470.4296,3597674.332,145759.3993,770.6094,12576.34153,9809.104533,45222.77007,91911.3456,21325.10247,51460.68713,2164.772933,26293.584,2.973066667,154.3641333,1215.909867,14392.01433,9540.843467,53.27413333,15.7516,152279.5552,23342.58767,12431.05907,69849.08873,249221.963,382539.7535,56.68873333,2109464.075,2817.825333,54559.1994,978.6336,37827.74667,99150.654,11.20526667,1337464.104,479324.8659,179153.3999,1039.412067,10985411.41,80473.46093,65891.55613,37286.14067,365800.5791
2093,128545.8347,4137935.737,1593.582067,71811.9966,26.122,62.41786667,146237.2869,11.13366667,84.87206667,51036.85993,1954.026533,69.71113333,5095225.33,35554.92067,41627.32587,7966.111133,9316.207867,419.5093333,1953.953667,200757.5033,224.993,6838.566867,11496.6082,583.7082,46780.31633,41.7716,743.3730667,19755.82373,27.9464,2007.191,4406.8528,201979.0165,31.0462,446.5764667,3491.098133,69642.6802,43909.20007,733.8660667,88511.65213,21549.23713,89162.95073,49733.89973,45211.38367,73.72973333,23900.5968,204249.4465,2752763.827,130956.7575,79682.53493,18248.32267,915418.6585,5222.578333,934.2420667,51016.23727,1711.789267,17380.59927,18.71886667,4986.4998,2457.2236,7444.0076,196.5517333,1302.133267,10625.23113,22796.5164,504698.7076,6778.473,1764.649733,61.6946,13581.3118,1401609.47,1866671.663,1074729.833,210929.4599,23297.61507,210113.2586,5587.803,4493.525667,9361.0552,937.5620667,2056.854533,345452.5901,604032.1842,1036501.455,3.053066667,69.709,1171.873133,5051.821333,62406.161,869.4463333,315.9104667,5484.227733,7746.5672,2848.933,69717.94807,74458.00873,26.91526667,7042.299,47.40226667,130.5013333,358.5451333,208.4363333,28261.6128,59.2298,37379.94787,5118.619533,805.2386,17551.633,1193385.037,1.025,16314.69567,7259.5322,387.6598,1640747.026,318187.5183,87564.4266,113625.4931,5752.126733,84.6304,17930.683,39712.70653,1501.987933,79413.84527,147.4989333,19028.65293,34013.12727,118288.6795,250.4316,1280.752933,4829.271867,12389.43393,1547743.824,10803.92407,710002.1219,1103.147933,3211879.147,5534.774467,3298.703933,9861328.753,8919648.207,6672782.159,14144.30813,9223.494867,40.58633333,1693.2152,5295710.017,2422033.328,815.4776,84603.17233,62195.28693,41334.38807,514.6962667,105127.801,408.6406,57.36273333,270.9298667,15933.46873,968.7930667,1304.5606,24148.8696,132794.9249,730.0764,142.9475333,849068.6276,7396038.244,45.86533333,5511.936067,489.8525333,2.937533333,1157108.074,47687.59,116695.7218,57945.77047,5148.0658,16.69133333,38437.54853,16848.96913,375.9926667,6109.308,10094.75427,190092.8427,637315.4453,2.374333333,38925.80993,1398.777333,497303.567,973704.456,432448.3413,111209.2943,46.8968,6775.027267,67400.28973,25878.11473,7683.1068,16469.22093,517823.0129,15.7838,6472.739933,19702.63187,9468.4796,45111.84573,192296.3911,25793.80813,1021.691667,7386.523133,1718.619667,3847.990133,1191.976467,29299.66867,2594.457467,14167.59413,112986.8874,34944.667,6.3516,3.083866667,40.03466667,139.9260667,35.85033333,4.0072,85.53713333,482.4627333,26.26226667,570.6576,52353.79013,59936.40507,3971.3556,113.5997333,19398.81473,5350.3716,29.88886667,4099.931067,1711.407933,91718.176,2026.505,79034.9666,78225.42413,461420.3926,27501.3776,795290.7285,92858.91087,2621516.376,103328.999,33736.18187,18615.8042,13565.96947,3640824.946,147478.4098,770.4149333,12594.71673,9826.104867,45288.48007,91637.05127,21457.34867,51124.9708,2166.138867,26590.20333,2.9794,154.4768667,1210.376,14382.1512,9556.4792,53.37853333,15.79566667,154014.7687,23201.03027,12483.17153,69806.38867,252905.9315,382727.6249,56.17946667,2099402.206,2801.753867,54706.92907,989.3124667,37799.4882,98874.8504,11.18473333,1354148.505,480685.1027,178982.4067,1044.326333,11017378.7,81004.05927,66696.68153,37495.89327,366966.4376
2094,129963.4035,4183784.802,1571.142,71988.3344,25.81393333,62.21653333,148544.1599,11.06326667,84.50786667,50943.42947,1938.8716,69.2134,5085693.308,35639.17287,41705.83007,7958.976533,9274.4478,418.573,1959.6856,199982.1486,224.0286667,6816.031533,11490.28307,583.3690667,47401.93813,41.54186667,738.9074667,19803.55653,27.97586667,1994.0668,4417.277133,201207.6619,30.99733333,445.1693333,3464.523733,70455.27873,44485.00713,732.0684,89535.0062,21536.63367,90211.07747,49853.53967,45092.4816,73.87273333,24292.48327,203583.2347,2751579.204,131479.3885,81095.47187,18176.14193,907617.5049,5203.574467,936.7388667,50799.89033,1721.353267,17566.53593,18.70226667,4963.6172,2441.261533,7392.975,196.3057333,1302.245733,10646.4388,22730.0772,514619.6605,6789.393533,1768.652333,61.32886667,13553.25627,1416055.623,1857146.651,1066181.789,210323.4755,23260.4864,211066.2243,5540.806467,4537.9258,9430.117067,933.4906667,2063.429867,348536.8981,602710.5407,1035638.145,3.040866667,69.9526,1171.433333,5043.984533,62334.689,877.8215333,314.6625333,5523.866667,7825.793133,2835.498067,69642.2606,74943.46833,26.81366667,7007.194933,47.2226,130.161,357.5300667,208.1784667,28253.89367,59.0466,37712.94793,5157.4196,800.7150667,17576.375,1192388.396,1.0296,16325.4902,7242.6158,386.9948667,1636488.644,317851.9519,87267.5372,114474.1999,5751.089933,84.72493333,18038.75347,39546.07233,1479.5184,79052.07727,147.9966,19071.64167,34208.749,118988.3564,251.4885333,1266.538667,4840.817133,12440.46607,1563964.548,10803.68547,707730.708,1097.564133,3248396.787,5528.222667,3302.603267,9894596.265,8959704.261,6671676.025,14275.35633,9220.2038,40.60913333,1685.6436,5309793.556,2452476.404,817.2836,85437.524,62846.72447,41286.71833,513.0392667,106952.7369,406.7859333,57.38466667,269.5493333,16118.8302,963.1314667,1322.657133,24266.89707,132191.3563,730.1600667,142.5610667,863561.8359,7400395.654,46.15313333,5529.1872,487.4416,2.922466667,1155858.583,47649.64753,118240.7152,57855.30287,5175.606467,16.68953333,38316.95113,16833.3236,376.1188667,6108.906533,10088.08533,194736.2543,644542.7007,2.373733333,38888.2956,1389.265,499811.7164,977544.5107,432732.0933,111197.3057,46.77253333,6787.025067,67598.83167,26003.23593,7713.877,16386.82687,520872.6522,15.77053333,6480.831467,19811.42513,9467.518667,45089.69613,192753.1068,25656.41147,1023.181,7359.099467,1696.2844,3870.274533,1191.817667,29043.81967,2587.515133,14119.5474,112762.6705,35200.41387,6.2908,3.073333333,39.8772,139.0768667,35.89513333,3.987866667,85.08506667,485.9014,26.2086,575.4165333,52429.17273,60702.1046,3941.538333,113.5283333,19512.436,5343.351333,29.66293333,4086.5248,1708.235933,91734.984,2047.596333,80491.02873,78266.05567,460086.0025,27738.17,794491.846,92928.51353,2620212.717,102825.2352,33579.59673,18488.4642,13662.42407,3684875.172,149239.8952,770.3292,12613.0924,9843.913267,45359.3128,91362.62187,21585.98953,50785.01147,2167.5764,26896.5636,2.984933333,154.5877333,1204.700933,14371.5352,9569.718067,53.4812,15.83333333,155796.7969,23062.7916,12538.69753,69761.86893,256658.1127,382927.3281,55.66546667,2089362.167,2785.911333,54848.52387,1000.067933,37761.5926,98597.801,11.16253333,1371105.838,482039.0028,178838.9013,1049.061067,11050087.52,81540.43313,67518.06913,37702.21853,368155.5314
2095,131354.5625,4229682.434,1549.535067,72156.042,25.502,62.01786667,150917.2419,10.99846667,84.13826667,50848.4916,1924.005067,68.7284,5076610.34,35724.60187,41793.74813,7953.68,9232.866867,417.7122667,1965.647267,199230.1663,223.1202,6792.672733,11484.99827,582.9256667,48043.60893,41.3116,734.6304,19846.83993,28.00673333,1981.072067,4427.3252,200433.4064,30.95573333,443.7565333,3438.314,71281.90767,45069.66693,730.1902667,90557.41307,21517.10827,91313.3988,49973.2406,44969.4404,74.00453333,24701.46393,202906.4222,2750890.57,131982.0262,82526.8838,18111.71967,900132.3396,5186.269733,939.2732,50579.04747,1730.902933,17758.12793,18.69166667,4940.4248,2425.551333,7344.8082,196.0559333,1302.616533,10669.78347,22668.43933,524981.9115,6799.8344,1773.253533,60.97553333,13528.13353,1430352.596,1847569.268,1057753.284,209722.8759,23229.14313,212006.0827,5493.350067,4581.191333,9504.117667,929.4678,2070.331733,351667.3886,601390.3374,1034755.202,3.033733333,70.20186667,1171.132933,5037.022733,62266.9518,886.1811333,313.4016,5562.938467,7905.8564,2822.3386,69585.49833,75450.9022,26.71046667,6973.015,47.03893333,129.8244,356.4912,207.9362667,28243.65027,58.87093333,38051.36873,5196.742467,796.086,17602.22633,1191599.199,1.036333333,16334.02233,7224.8716,386.448,1632881.363,317583.4421,86958.0904,115327.7831,5750.328133,84.8198,18144.66647,39384.10673,1457.606267,78710.9394,148.5086667,19115.48473,34406.97953,119688.8671,252.5498667,1252.503467,4851.923,12493.42433,1580413.888,10798.10173,705477.2521,1091.9112,3285689.115,5520.996133,3306.711267,9927304.074,9000909.539,6669748.847,14409.70173,9217.049333,40.63266667,1677.845733,5324012.834,2483451.184,818.9556667,86308.65507,63514.2328,41244.726,511.5112667,108919.7037,405.0378,57.40486667,268.1642667,16312.9922,957.7488,1340.818267,24385.66933,131603.3294,730.1413333,142.1712667,878449.0319,7404997.174,46.4268,5546.6378,485.1223333,2.907866667,1154665.484,47609.45653,119791.1945,57768.52193,5203.023533,16.68426667,38203.09007,16816.88147,376.291,6109.119,10082.89853,199430.2111,651819.1262,2.3762,38847.79733,1380.076267,502240.3067,981338.5823,433068.6295,111184.6467,46.64086667,6798.869933,67786.72093,26120.7436,7742.556467,16308.93533,523886.0801,15.7546,6487.849667,19909.34487,9466.8984,45071.69647,193228.2278,25522.0612,1024.755133,7330.493467,1674.751267,3892.476667,1191.733867,28791.40353,2580.0042,14073.15493,112561.6567,35463.1498,6.236,3.0626,39.722,138.2350667,35.93566667,3.971466667,84.6364,489.5151333,26.15273333,580.3980667,52506.2566,61459.3776,3911.752267,113.4558,19625.32027,5337.8364,29.4408,4073.6018,1705.374533,91750.86113,2067.993333,81949.79287,78304.367,458758.5368,27971.81327,793642.6483,93016.4586,2619222.131,102331.9723,33428.5094,18360.5704,13759.95907,3729352.047,151051.7256,770.1742,12634.48093,9862.069933,45443.051,91086.35133,21715.361,50451.16793,2168.893533,27205.59747,2.990733333,154.6324,1199.208333,14358.80587,9583.208933,53.5828,15.86913333,157587.5703,22929.19633,12596.1762,69722.849,260346.9751,383151.6995,55.13886667,2079478.463,2769.5876,54988.12407,1010.633333,37715.36987,98319.93433,11.13966667,1388234.092,483428.9737,178708.1221,1053.746667,11082889.77,82079.19353,68351.2588,37909.12753,369367.5461
2096,132792.3603,4276738.976,1528.291533,72330.95633,25.18253333,61.824,153374.5415,10.93326667,83.7604,50749.85407,1909.163,68.2406,5067758.342,35806.68267,41887.0624,7949.220267,9191.789867,416.9864,1971.230533,198524.4695,222.221,6770.9388,11481.2976,582.447,48709.26133,41.08506667,730.5334,19886.99547,28.03926667,1968.6098,4438.3158,199601.9257,30.9176,442.3742,3412.116467,72107.2782,45668.62327,728.3731333,91592.4252,21492.15507,92399.21913,50100.34347,44849.81847,74.1228,25133.20853,202230.7247,2750320.305,132482.4964,84011.9,18049.91387,892627.6819,5170.434067,941.8589333,50371.5106,1740.7284,17947.24873,18.67733333,4916.8478,2410.250467,7296.2148,195.8352667,1303.2468,10692.4982,22608.38827,535638.6265,6811.424667,1777.828867,60.63713333,13501.23547,1444762.969,1838176.685,1049482.522,209098.28,23194.156,212932.0779,5446.745467,4626.044733,9584.422933,925.4759333,2077.274333,354893.0653,600110.0844,1033724.012,3.024533333,70.43986667,1170.612267,5031.4384,62205.272,894.6824667,312.0726,5602.464733,7984.9012,2808.085,69534.3678,75955.73353,26.61233333,6938.831333,46.87326667,129.4784,355.4751333,207.6745333,28238.39207,58.703,38398.10733,5236.344467,791.3193333,17628.83007,1190937.557,1.041466667,16343.0698,7208.1978,385.9831333,1629660.781,317293.1163,86624.79313,116209.8997,5748.722133,84.90113333,18249.34473,39216.02947,1436.210733,78389.4792,148.9923333,19158.3916,34606.52167,120337.7445,253.6176667,1238.612533,4861.190267,12545.76527,1596943.483,10792.281,703299.9283,1086.2108,3323235.127,5513.041867,3309.717667,9960597.935,9044041.334,6668144.349,14546.13593,9214.209333,40.65833333,1669.985133,5338128.338,2514730.862,820.6540667,87178.2086,64196.4958,41199.06073,510.1595333,110976.3801,403.4346667,57.42533333,266.7438667,16510.96733,952.6448,1359.420867,24507.42387,131018.436,730.0348667,141.7894667,893239.8939,7409072.2,46.70793333,5563.726667,482.8658667,2.890866667,1153484.347,47576.21073,121404.668,57677.77213,5230.9526,16.684,38088.36327,16799.63793,376.4532667,6109.077933,10076.28893,204305.6255,658706.7479,2.378333333,38807.96767,1370.933333,504692.2363,985002.0161,433491.2638,111182.9386,46.50133333,6809.2354,67967.9232,26231.17573,7772.601267,16232.65387,526794.6358,15.73313333,6494.0378,19995.97987,9465.063333,45050.33927,193726.5871,25386.48967,1026.346,7302.098467,1653.019,3915.402333,1191.335933,28548.26813,2573.024467,14027.6586,112345.3409,35728.2636,6.184333333,3.050866667,39.5678,137.4230667,35.9674,3.952733333,84.15706667,493.1854,26.097,585.3134667,52579.48207,62198.03087,3881.4622,113.3840667,19745.54293,5332.053267,29.2234,4060.4634,1703.056467,91768.13533,2087.547667,83468.7056,78368.43967,457406.9783,28212.5322,792744.9039,93117.61447,2618506.18,101843.2618,33283.43173,18231.4084,13856.48593,3774257.976,152861.1199,769.932,12654.0854,9881.976267,45526.5532,90833.64007,21846.01467,50135.23413,2169.801933,27509.43267,2.996866667,154.6515333,1193.682,14344.03587,9596.517267,53.69533333,15.9086,159410.9025,22799.6772,12652.32447,69695.77767,264032.1806,383439.4431,54.60393333,2069687.163,2753.406333,55129.7016,1020.586067,37662.73013,98041.5094,11.11186667,1405877.872,484776.143,178571.8583,1058.3132,11115746.79,82609.2314,69206.1612,38136.384,370604.7459
2097,134289.7747,4324595.37,1507.414467,72516.3012,24.8674,61.6432,155895.2117,10.8694,83.38386667,50645.96393,1894.162,67.7466,5059120.315,35888.73093,41973.01487,7944.9186,9149.959867,416.3725333,1976.521933,197847.9119,221.2746667,6750.981267,11477.68507,581.9506667,49390.65213,40.85626667,726.5278667,19930.86973,28.07046667,1956.8438,4448.630533,198824.5451,30.87873333,441.019,3385.908067,72959.91633,46275.90233,726.7041333,92642.98113,21474.19447,93459.59593,50233.37567,44733.7094,74.25506667,25572.294,201548.9195,2749519.517,132954.2562,85537.80707,17986.97947,885119.8885,5155.3968,944.6501333,50180.996,1750.630467,18133.1376,18.65913333,4893.534467,2395.613867,7247.9584,195.6401333,1304.020533,10714.4152,22543.53333,546381.0841,6823.3848,1781.916267,60.3076,13472.8018,1459431.725,1829022.285,1041215.819,208456.4875,23151.42453,213871.2785,5400.9086,4673.186267,9661.402867,921.5158667,2083.566,358125.8648,598822.9868,1032756.509,3.0134,70.69013333,1169.733933,5024.964333,62146.02727,903.1827333,310.7056,5641.869867,8063.4324,2794.0342,69480.30293,76453.92353,26.51366667,6905.0722,46.71813333,129.1344667,354.4739333,207.3714,28241.54507,58.5348,38745.9176,5276.382667,786.6482,17657.9704,1190170.698,1.0466,16350.295,7192.074267,385.5714667,1626030.736,317061.0003,86300.73127,117091.4133,5746.3472,84.98973333,18353.77813,39047.19087,1414.883933,78078.6512,149.4514667,19201.20407,34801.68493,120968.8157,254.6804667,1224.761133,4870.379467,12598.34793,1613625.366,10790.0884,701105.7042,1080.240667,3361034.958,5504.8554,3312.3176,9996069.156,9087556.602,6667032.169,14685.78393,9209.730067,40.68493333,1662.3204,5352342.964,2546668.584,822.53,88052.95907,64874.51807,41156.5122,508.816,113062.0856,401.9513333,57.4512,265.2816,16705.83313,947.4852,1378.375,24630.11813,130444.8066,729.8442,141.3944667,907993.3313,7413327.883,46.99286667,5580.291533,480.4940667,2.875666667,1152245.79,47540.68373,123028.4739,57584.6412,5258.891933,16.68206667,37971.2264,16785.80567,376.5678667,6109.5914,10068.50253,209333.8645,665872.0589,2.379066667,38765.8532,1361.898267,507218.9645,988688.3169,433920.0164,111171.4627,46.36046667,6820.597933,68151.18307,26348.35827,7803.352267,16162.2714,529890.7149,15.71253333,6498.353333,20084.7492,9463.5058,45011.9054,194178.5175,25249.2678,1027.987533,7275.7122,1631.265267,3939.340533,1190.612933,28316.9576,2566.2784,13982.76773,112115.5211,35993.49147,6.130933333,3.040133333,39.41646667,136.6752667,35.99513333,3.935666667,83.673,496.8336667,26.045,590.2076667,52650.4486,62953.78913,3851.3392,113.3116667,19872.43393,5327.681067,29.031,4047.774067,1700.828267,91792.1784,2107.407667,85034.60667,78454.1256,456084.8709,28456.0438,791868.3028,93211.4434,2618112.083,101372.4658,33135.16267,18101.77793,13949.8448,3820450.8,154641.1943,769.6326,12671.5652,9902.104733,45615.22,90581.66127,21971.53753,49826.01527,2170.484467,27825.8874,3.0038,154.6790667,1188.223933,14325.5644,9610.9036,53.8114,15.95226667,161285.8957,22670.98047,12707.833,69670.17947,267819.4603,383744.5331,54.04753333,2059938.685,2737.367867,55260.7552,1030.693133,37611.8674,97790.567,11.07986667,1423557.243,486125.8645,178428.7143,1063.219533,11149000.64,83163.52293,70074.08473,38357.9914,371872.2653
2098,135807.5657,4373420.677,1486.819133,72699.8098,24.54406667,61.46066667,158444.4488,10.8032,83.02706667,50533.2046,1878.882933,67.26913333,5050597.652,35971.0428,42053.2276,7941.012133,9107.600333,415.6362667,1982.129533,197144.629,220.3500667,6730.5468,11472.62227,581.4764667,50074.4988,40.61433333,722.698,19976.81967,28.09613333,1944.9516,4458.6644,198088.1065,30.84326667,439.5806667,3359.759133,73837.26107,46873.8832,725.0026667,93737.23207,21451.37967,94520.65707,50360.3376,44622.3756,74.38566667,26013.6672,200834.2505,2749011.085,133410.4792,87035.25553,17927.12593,877841.0897,5141.395667,947.6588667,49986.46553,1760.124533,18319.00173,18.6438,4871.5168,2381.655867,7201.1536,195.4224667,1304.887067,10737.3952,22476.06287,557054.4348,6834.990533,1785.876067,59.9808,13442.66507,1474328.073,1820090.319,1033170.307,207835.9235,23106.0598,214757.451,5353.8268,4719.830667,9736.070467,917.5582667,2089.594867,361434.8659,597545.0213,1031882.165,2.999933333,70.9358,1168.859267,5018.0336,62076.90433,911.7087333,309.3447333,5681.0814,8144.591467,2779.832,69432.96713,76964.3076,26.412,6871.6166,46.55886667,128.789,353.4559333,207.0638,28243.64147,58.38273333,39083.8724,5315.657333,782.0176,17685.69893,1189301.509,1.052266667,16357.2048,7175.447467,385.1636667,1622234.985,316917.9716,85977.65187,117979.4171,5744.444267,85.08833333,18460.67247,38878.11087,1393.555067,77755.68067,149.9016,19245.217,34991.8812,121618.8445,255.7974667,1211.1352,4879.0388,12651.29427,1630864.526,10784.0136,698902.6956,1074.363467,3399645.259,5495.336933,3315.5178,10033038.01,9130982.953,6666233.447,14824.1626,9205.320533,40.71786667,1654.7998,5366922.048,2578316.655,824.4338,88950.4608,65546.37213,41105.5426,507.4930667,115169.0861,400.5472667,57.4848,263.8546667,16900.70853,942.4144,1397.238467,24748.8624,129837.5263,729.64,140.9555333,923544.7649,7418330.302,47.26886667,5597.2134,478.0866667,2.8612,1151055.779,47498.3776,124663.7875,57484.84147,5285.462133,16.67573333,37845.08693,16772.87373,376.6631333,6110.3108,10060.91453,214474.2603,673378.0945,2.382733333,38715.5648,1352.9984,509924.0599,992501.888,434247.3647,111145.8228,46.21933333,6831.9186,68347.00033,26470.06167,7832.563333,16096.35127,533130.6532,15.69033333,6502.341867,20178.031,9461.7,44974.42667,194601.6638,25116.75607,1029.467467,7250.73,1609.7116,3963.885467,1189.971467,28093.5396,2559.1326,13936.24613,111878.5319,36269.76933,6.0822,3.030666667,39.284,135.9785333,36.02346667,3.920133333,83.19393333,500.3921333,25.99406667,595.1439333,52721.03287,63724.28653,3822.648267,113.2499333,19997.741,5324.7196,28.85733333,4036.064333,1698.548,91809.58233,2127.7276,86647.95433,78513.72853,454799.6259,28700.70533,791003.2343,93305.99047,2617126.382,100896.9673,32986.62273,17973.15553,14040.61953,3867500.878,156436.1722,769.3952,12691.84933,9921.880133,45706.01107,90326.71473,22091.60573,49512.25387,2170.587267,28167.7262,3.008933333,154.7571333,1182.994733,14308.0702,9628.004067,53.924,15.9918,163150.7843,22539.12533,12761.481,69654.45747,271600.9697,383958.3668,53.49033333,2050229.154,2721.245467,55381.69273,1041.3866,37567.52327,97552.7362,11.0504,1441295.271,487503.5929,178291.1141,1068.299467,11183460.09,83733.918,70954.0742,38562.11233,373172.4456
2099,137324.4457,4423046.651,1466.692067,72870.37233,24.20986667,61.28606667,161045.5113,10.73813333,82.67686667,50419.43027,1863.600467,66.80073333,5042195.409,36049.269,42134.01813,7937.8242,9066.649933,414.9067333,1987.721933,196424.6967,219.4792,6709.111867,11467.6274,581.2198,50742.1492,40.37753333,718.9275333,20020.12527,28.1266,1932.894867,4470.0988,197331.8533,30.8128,438.1524,3333.748733,74713.60767,47483.42233,723.3372667,94834.88427,21420.8992,95601.4874,50489.79047,44507.64713,74.49573333,26455.7194,200102.8234,2748159.437,133858.3886,88627.35633,17867.26387,870472.6918,5128.7858,950.8076667,49784.91,1769.9122,18508.0528,18.62173333,4850.510867,2367.901133,7155.534533,195.1993333,1305.292533,10759.91087,22413.3294,567882.5602,6846.739267,1789.796,59.6496,13410.99593,1489281.186,1811171.477,1025272.06,207210.6967,23057.60447,215616.9288,5307.5646,4765.508933,9810.9206,913.6308667,2095.402933,364848.8018,596303.9355,1031026.238,2.987266667,71.18033333,1167.948533,5013.394933,62003.91967,920.3815333,308.0286,5720.707733,8227.311333,2764.316333,69395.24387,77471.92013,26.31533333,6837.611333,46.39053333,128.4388,352.4574,206.738,28244.30073,58.24933333,39420.5552,5354.562267,777.3507333,17710.63773,1188478.789,1.0576,16366.16893,7158.995067,384.6474,1618350.959,316702.6252,85640.19013,118845.5953,5743.538933,85.19213333,18568.19213,38711.25907,1372.555,77441.87013,150.3704,19292.14027,35186.2274,122284.7671,256.8447333,1197.651133,4886.548667,12702.27873,1648625.746,10773.5434,696792.3041,1068.6174,3439438.937,5485.0544,3320.247533,10070970.24,9174665.786,6665449.781,14958.98933,9202.422733,40.74646667,1647.2492,5381789.634,2610137.319,826.4366,89863.15813,66215.393,41049.0354,506.2322,117256.2757,399.2979333,57.52,262.4588667,17107.42513,937.4429333,1416.509467,24864.4384,129212.1131,729.4482,140.5035333,939872.0007,7423944.348,47.54513333,5613.989733,475.8135333,2.847066667,1149985.231,47453.80673,126392.5637,57379.2514,5311.256667,16.6702,37733.12593,16759.13373,376.8173333,6111.088867,10053.112,219825.6788,680870.3741,2.3854,38668.362,1344.199,512632.8087,996411.6242,434573.7505,111131.3127,46.0754,6843.085067,68546.9468,26585.4208,7861.867533,16036.01873,536272.4185,15.6668,6508.092067,20268.762,9458.8368,44945.53733,195023.0559,24992.50947,1030.873,7225.972467,1589.0352,3989.116667,1189.290933,27875.07947,2551.880867,13886.75513,111672.6216,36543.09747,6.036133333,3.021066667,39.1544,135.2684667,36.05086667,3.9016,82.70673333,503.9379333,25.9426,599.9198667,52791.59927,64505.9598,3794.4864,113.1880667,20118.17847,5321.753933,28.688,4023.901733,1696.046067,91819.49353,2148.485667,88301.40487,78540.48073,453500.8571,28951.6706,790134.3675,93387.9548,2615306.278,100423.4236,32833.4892,17848.14973,14130.38173,3915103.644,158231.8097,769.1714667,12713.96707,9941.481533,45784.64033,90059.18153,22209.26367,49212.5666,2170.924867,28496.49727,3.014533333,154.8561333,1177.504933,14292.29233,9644.1138,54.03746667,16.02253333,165010.5683,22403.26987,12814.63673,69653.81333,275475.2068,384138.6013,52.93086667,2040657.444,2705.440867,55521.92087,1052.508067,37513.08693,97311.98053,11.02133333,1459516.853,488860.7131,178172.6742,1073.188867,11219386.17,84302.74507,71846.87087,38768.39113,374501.3835
2100,138883.3083,4473138.393,1447.3756,73023.1914,23.86726667,61.13006667,163724.4769,10.67386667,82.32913333,50301.54513,1848.409467,66.3514,5033592.713,36128.72233,42220.98893,7934.754667,9028.810933,414.3501333,1992.985133,195692.5217,218.6204667,6687.625467,11463.84327,580.8528,51420.6204,40.1594,715.0504667,20059.86453,28.15966667,1920.854467,4481.1582,196571.1874,30.78593333,436.7878,3307.8604,75549.83373,48126.02613,721.5938667,95864.76953,21398.10007,96711.47547,50626.3198,44390.3446,74.612,26911.64993,199352.4757,2747134.516,134309.9669,90318.3946,17805.6542,863300.7609,5116.694333,954.0002667,49591.98113,1779.699933,18704.71233,18.5976,4829.2632,2354.2336,7110.650133,195.0577333,1305.724933,10780.95613,22350.67787,579040.9727,6858.953133,1793.402267,59.31206667,13378.76487,1504561.741,1802060.159,1017452.356,206560.8127,23010.78267,216493.9858,5261.556467,4809.874,9886.126067,909.9568667,2101.491733,368245.56,595065.9292,1030154.738,2.977466667,71.4276,1167.227267,5008.786733,61929.95513,929.1064,306.749,5760.361333,8310.772333,2748.6906,69366.62947,77976.83073,26.221,6805.266333,46.21833333,128.0948,351.4619333,206.3900667,28239.34567,58.10913333,39766.6516,5395.1134,772.5607333,17732.7024,1187717.183,1.062533333,16374.1334,7142.058,384.077,1614572.39,316430.7042,85298.39073,119685.3783,5742.012,85.2928,18680.17853,38553.08733,1352.144467,77148.1194,150.847,19337.53333,35377.9258,122931.3221,257.8534667,1184.015,4894.722333,12751.97367,1666387.224,10766.22633,694678.1499,1062.866733,3479358.802,5473.283533,3325.646,10109705.95,9219682.061,6664984.242,15096.8724,9200.575667,40.77533333,1639.378733,5397337.707,2644116.162,828.4368,90769.06033,66881.96073,40996.19027,504.998,119334.7536,398.1205333,57.53873333,261.0791333,17323.30267,932.6866667,1436.076933,24983.54907,128593.2509,729.1948667,140.0288,956464.466,7428992.787,47.82106667,5629.9168,473.5790667,2.8334,1148903.323,47400.5778,128172.073,57259.8428,5337.6016,16.6612,37633.30147,16742.03473,376.9436,6113.074,10047.1546,225242.284,688605.9231,2.384533333,38627.70967,1335.588467,515154.9553,1000250.802,434949.3381,111126.0497,45.93126667,6855.213267,68749.86413,26706.0862,7893.3044,15979.92167,539294.3825,15.64793333,6514.611533,20361.7188,9456.890733,44930.8502,195418.4996,24871.99953,1032.316933,7202.4274,1568.796867,4014.081933,1188.546467,27661.00713,2544.5006,13837.86627,111465.7655,36811.1554,5.9936,3.009666667,39.02026667,134.5438667,36.0822,3.883733333,82.2288,507.5662667,25.89693333,604.6493333,52852.3028,65299.02673,3765.358867,113.1018667,20239.48773,5319.717533,28.53406667,4011.139667,1693.613,91849.749,2168.9792,89995.59133,78583.49807,452126.1773,29205.48407,789245.1647,93456.1028,2613177.719,99969.73433,32682.0656,17725.01547,14223.30733,3963389.381,160116.8061,768.8018,12734.39627,9962.440933,45876.51687,89772.57467,22319.25593,48928.16273,2171.473667,28811.4954,3.022133333,154.9156,1171.807467,14274.24547,9657.873733,54.146,16.04986667,166870.5376,22266.12673,12871.275,69639.0368,279555.9914,384359.7867,52.39173333,2031252.304,2689.880733,55674.22707,1063.468933,37459.5046,97070.29053,10.99186667,1478242.631,490189.9673,178069.3043,1077.510933,11255683.3,84898.6816,72734.61373,38977.42367,375858.2436
Grand Total,129384.0417,4164821.521,1585.429881,71879.89209,25.96261429,62.40890476,147775.0314,11.10944762,84.73851429,50990.72358,1947.037157,69.53142857,5091327.487,35604.16483,41684.95854,7971.717943,9294.072819,419.4436667,1956.701062,200342.8796,224.633981,6829.358743,11499.40008,583.2392619,47177.41746,41.64236667,741.8949333,19775.16069,27.95978571,2002.279343,4411.561076,201655.3954,31.03758571,445.9331857,3478.187124,70171.87165,44274.5527,733.1467476,89128.00381,21525.85683,89810.19522,49823.78579,45156.71804,73.78991429,24177.59938,203943.3092,2751751.358,131156.8783,80606.16844,18229.75528,912701.8215,5223.627248,936.3900333,50930.33093,1716.854214,17486.12341,18.70219048,4977.229052,2451.196433,7425.712952,196.5509286,1303.9932,10636.20038,22762.29415,511754.4225,6786.788438,1767.570876,61.57600952,13564.37165,1409873.1,1863010.86,1071643.177,210672.5989,23280.60613,210515.9336,5565.906252,4519.145533,9401.1151,935.5760571,2059.264948,347179.6813,603528.0441,1036345.799,3.050519048,69.85030476,1171.231638,5050.944143,62372.67314,873.674181,315.1913571,5504.552052,7790.645452,2840.880419,69742.73133,74734.44783,26.86447143,7026.380286,47.30752381,130.3478952,357.9307095,208.1248381,28255.31922,59.16719048,37555.00375,5139.496367,802.631081,17566.07475,1193587.287,1.026595238,16312.1007,7255.57141,387.7642,1639094.088,318145.0224,87391.56856,114036.7892,5749.075014,84.68931905,17975.51284,39645.47466,1494.878514,79293.58378,147.8177952,19046.50367,34103.24018,118645.6271,250.9187,1273.858476,4833.745176,12409.12413,1557528.76,10797.7977,708879.1667,1100.165657,3234886.544,5526.19119,3299.720352,9882431.137,8943617.646,6671847.88,14222.06867,9217.653781,40.60627619,1689.227743,5303020.09,2440634.729,816.7724,85133.34787,62601.7766,41315.83041,514.7914571,106405.4612,408.9731381,57.36057143,270.1622381,16037.72635,967.0603571,1315.365929,24205.87151,132524.4437,729.6570238,142.6990286,858739.3998,7399790.966,46.00565714,5518.559124,488.6371619,2.934909524,1156876.922,47661.85651,117655.8483,57909.31307,5158.644948,16.68993333,38379.41353,16847.4548,375.9812238,6108.606824,10088.9674,193350.4504,641357.2695,2.373804762,38877.05899,1395.765219,498431.6528,975515.3459,432757.7213,111234.3559,46.81622381,6781.122971,67488.58118,25929.65091,7697.707419,16465.63551,519469.8561,15.77426667,6473.513614,19745.09623,9461.989924,45083.36116,192424.9891,25746.5528,1022.344214,7375.772081,1709.520781,3862.556186,1191.297867,29252.9316,2590.477762,14146.95272,112908.432,35073.5699,6.347338095,3.076761905,39.97245714,139.6554524,35.84001429,3.997490476,85.29285714,484.2923381,26.2428381,573.4206381,52390.60818,60343.7184,3959.885333,113.5688,19459.86194,5357.708819,29.84119048,4096.538752,1710.485495,91736.82729,2036.23631,79999.86232,78232.73849,460787.9543,27644.9366,794731.0875,92882.05537,2620844.957,103145.5895,33673.42634,18544.86177,13612.69459,3668608.121,148521.7476,770.2685667,12607.26248,9840.374019,45345.48275,91492.9095,21514.2118,51005.10321,2166.07461,26762.30869,2.979742857,154.403219,1208.058481,14369.49154,9561.577486,53.4421619,15.80634286,155115.328,23153.13265,12519.06315,69810.08924,255079.0098,382998.9815,55.87541429,2095236.04,2794.695195,54748.02934,994.4193667,37748.9757,98759.92275,11.16134762,1364898.068,481304.1105,178978.5886,1046.383881,11037812.75,81287.52331,67213.47302,37601.40453,367748.1575
